{
    "$schema": "http://schema.management.azure.com/schemas/2015-01-01/deploymentTemplate.json#",
    "contentVersion": "1.0.0.0",
    "parameters": {
        "location": {
            "type": "string"
        },
        "networkInterfaceName1": {
            "type": "string"
        },
        "networkSecurityGroupName": {
            "type": "string"
        },
        "networkSecurityGroupRules": {
            "type": "array"
        },
        "subnetName": {
            "type": "string"
        },
        "virtualNetworkName": {
            "type": "string"
        },
        "addressPrefixes": {
            "type": "array"
        },
        "subnets": {
            "type": "array"
        },
        "publicIpAddressName1": {
            "type": "string"
        },
        "publicIpAddressType": {
            "type": "string"
        },
        "publicIpAddressSku": {
            "type": "string"
        },
        "pipDeleteOption": {
            "type": "string"
        },
        "virtualMachineName": {
            "type": "string"
        },
        "virtualMachineName1": {
            "type": "string"
        },
        "virtualMachineComputerName1": {
            "type": "string"
        },
        "virtualMachineRG": {
            "type": "string"
        },
        "osDiskType": {
            "type": "string"
        },
        "osDiskDeleteOption": {
            "type": "string"
        },
        "virtualMachineSize": {
            "type": "string"
        },
        "nicDeleteOption": {
            "type": "string"
        },
        "hibernationEnabled": {
            "type": "bool"
        },
        "adminUsername": {
            "type": "string"
        },
        "securityType": {
            "type": "string"
        },
        "secureBoot": {
            "type": "bool"
        },
        "vTPM": {
            "type": "bool"
        },
        "virtualMachine1Zone": {
            "type": "string"
        },
        "healthExtensionProtocol": {
            "type": "string"
        },
        "healthExtensionPort": {
            "type": "int"
        },
        "healthExtensionRequestPath": {
            "type": "string"
        },
        "appGatewayName": {
            "type": "string"
        },
        "appGateWayRuleName": {
            "type": "string"
        },
        "appGateWayRulePort": {
            "type": "int"
        },
        "appGateWayRuleProtocol": {
            "type": "string"
        }
    },
    "variables": {
        "nsgId": "[resourceId(resourceGroup().name, 'Microsoft.Network/networkSecurityGroups', parameters('networkSecurityGroupName'))]",
        "vnetName": "[parameters('virtualNetworkName')]",
        "vnetId": "[resourceId(resourceGroup().name,'Microsoft.Network/virtualNetworks', parameters('virtualNetworkName'))]",
        "subnetRef": "[concat(variables('vnetId'), '/subnets/', parameters('subnetName'))]",
        "aadLoginExtensionName": "AADSSHLoginForLinux"
    },
    "resources": [
        {
            "name": "[parameters('networkInterfaceName1')]",
            "type": "Microsoft.Network/networkInterfaces",
            "apiVersion": "2022-11-01",
            "location": "[parameters('location')]",
            "dependsOn": [
                "[concat('Microsoft.Network/networkSecurityGroups/', parameters('networkSecurityGroupName'))]",
                "[concat('Microsoft.Network/virtualNetworks/', parameters('virtualNetworkName'))]",
                "[concat('Microsoft.Network/publicIpAddresses/', parameters('publicIpAddressName1'))]",
                "[concat('Microsoft.Network/applicationGateways/', parameters('appGatewayName'))]"
            ],
            "properties": {
                "ipConfigurations": [
                    {
                        "name": "ipconfig1",
                        "properties": {
                            "subnet": {
                                "id": "[variables('subnetRef')]"
                            },
                            "privateIPAllocationMethod": "Dynamic",
                            "publicIpAddress": {
                                "id": "[resourceId(resourceGroup().name, 'Microsoft.Network/publicIpAddresses', parameters('publicIpAddressName1'))]",
                                "properties": {
                                    "deleteOption": "[parameters('pipDeleteOption')]"
                                }
                            },
                            "applicationGatewayBackendAddressPools": [
                                {
                                    "id": "[resourceId('Microsoft.Network/applicationGateways/backendAddressPools', parameters('appGatewayName'), concat(parameters('appGatewayName'), '-backendpool01'))]"
                                }
                            ]
                        }
                    }
                ],
                "networkSecurityGroup": {
                    "id": "[variables('nsgId')]"
                }
            }
        },
        {
            "name": "[parameters('networkSecurityGroupName')]",
            "type": "Microsoft.Network/networkSecurityGroups",
            "apiVersion": "2019-02-01",
            "location": "[parameters('location')]",
            "properties": {
                "securityRules": "[parameters('networkSecurityGroupRules')]"
            }
        },
        {
            "name": "[parameters('virtualNetworkName')]",
            "type": "Microsoft.Network/virtualNetworks",
            "apiVersion": "2021-05-01",
            "location": "[parameters('location')]",
            "properties": {
                "addressSpace": {
                    "addressPrefixes": "[parameters('addressPrefixes')]"
                },
                "subnets": "[parameters('subnets')]"
            }
        },
        {
            "name": "[parameters('publicIpAddressName1')]",
            "type": "Microsoft.Network/publicIpAddresses",
            "apiVersion": "2020-08-01",
            "location": "[parameters('location')]",
            "properties": {
                "publicIpAllocationMethod": "[parameters('publicIpAddressType')]"
            },
            "sku": {
                "name": "[parameters('publicIpAddressSku')]"
            },
            "zones": [
                "[parameters('virtualMachine1Zone')]"
            ]
        },
        {
            "name": "[parameters('virtualMachineName1')]",
            "type": "Microsoft.Compute/virtualMachines",
            "apiVersion": "2022-11-01",
            "location": "[parameters('location')]",
            "dependsOn": [
                "[concat('Microsoft.Network/networkInterfaces/', parameters('networkInterfaceName1'))]"
            ],
            "properties": {
                "hardwareProfile": {
                    "vmSize": "[parameters('virtualMachineSize')]"
                },
                "storageProfile": {
                    "osDisk": {
                        "createOption": "fromImage",
                        "managedDisk": {
                            "storageAccountType": "[parameters('osDiskType')]"
                        },
                        "deleteOption": "[parameters('osDiskDeleteOption')]"
                    },
                    "imageReference": {
                        "publisher": "canonical",
                        "offer": "0001-com-ubuntu-server-focal",
                        "sku": "20_04-lts-gen2",
                        "version": "latest"
                    }
                },
                "networkProfile": {
                    "networkInterfaces": [
                        {
                            "id": "[resourceId('Microsoft.Network/networkInterfaces', parameters('networkInterfaceName1'))]",
                            "properties": {
                                "deleteOption": "[parameters('nicDeleteOption')]"
                            }
                        }
                    ]
                },
                "additionalCapabilities": {
                    "hibernationEnabled": false
                },
                "osProfile": {
                    "computerName": "[parameters('virtualMachineComputerName1')]",
                    "adminUsername": "[parameters('adminUsername')]",
                    "linuxConfiguration": {
                        "disablePasswordAuthentication": true
                    }
                },
                "securityProfile": {
                    "securityType": "[parameters('securityType')]",
                    "uefiSettings": {
                        "secureBootEnabled": "[parameters('secureBoot')]",
                        "vTpmEnabled": "[parameters('vTPM')]"
                    }
                },
                "diagnosticsProfile": {
                    "bootDiagnostics": {
                        "enabled": true
                    }
                }
            },
            "identity": {
                "type": "systemAssigned"
            },
            "zones": [
                "[parameters('virtualMachine1Zone')]"
            ]
        },
        {
            "apiVersion": "2017-05-10",
            "type": "Microsoft.Resources/deployments",
            "name": "[concat(variables('vnetName'), '-', 'rai-appgwsubnet')]",
            "properties": {
                "mode": "Incremental",
                "parameters": {},
                "template": {
                    "$schema": "http://schema.management.azure.com/schemas/2015-01-01/deploymentTemplate.json#",
                    "contentVersion": "1.0.0.0",
                    "parameters": {},
                    "variables": {},
                    "resources": [
                        {
                            "name": "[concat(variables('vnetName'), '/', 'rai-appgwsubnet')]",
                            "type": "Microsoft.Network/virtualNetworks/subnets",
                            "apiVersion": "2019-04-01",
                            "location": "[parameters('location')]",
                            "properties": {
                                "addressPrefix": "10.0.1.0/24"
                            }
                        }
                    ]
                }
            },
            "dependsOn": [
                "[concat('Microsoft.Network/virtualNetworks/', variables('vnetName'))]"
            ]
        },
        {
            "name": "[concat(parameters('appGatewayName'), '-publicip')]",
            "type": "Microsoft.Network/publicIpAddresses",
            "apiVersion": "2020-08-01",
            "location": "[parameters('location')]",
            "properties": {
                "publicIpAllocationMethod": "Static",
                "publicIPAddressVersion": "IPv4",
                "idleTimeoutInMinutes": 15
            },
            "sku": {
                "name": "Standard"
            },
            "zones": [
                "1"
            ]
        },
        {
            "name": "[parameters('appGatewayName')]",
            "type": "Microsoft.Network/applicationGateways",
            "apiVersion": "2021-05-01",
            "location": "[parameters('location')]",
            "properties": {
                "sku": {
                    "name": "Standard_v2",
                    "tier": "Standard_v2"
                },
                "gatewayIPConfigurations": [
                    {
                        "name": "[concat(parameters('appGatewayName'), '-gatewayIpConfig01')]",
                        "properties": {
                            "subnet": {
                                "id": "[resourceId('Microsoft.Network/virtualNetworks/subnets', variables('vnetName'), 'rai-appgwsubnet')]"
                            }
                        }
                    }
                ],
                "frontendIPConfigurations": [
                    {
                        "name": "[concat(parameters('appGatewayName'), '-frontendconfig01')]",
                        "properties": {
                            "publicIPAddress": {
                                "id": "[resourceId('Microsoft.Network/publicIpAddresses', concat(parameters('appGatewayName'), '-publicip'))]"
                            }
                        }
                    }
                ],
                "frontendPorts": [
                    {
                        "name": "[concat('port_', parameters('appGateWayRulePort'))]",
                        "properties": {
                            "port": "[parameters('appGateWayRulePort')]"
                        }
                    }
                ],
                "backendAddressPools": [
                    {
                        "name": "[concat(parameters('appGatewayName'), '-backendpool01')]"
                    }
                ],
                "backendHttpSettingsCollection": [
                    {
                        "name": "[concat(parameters('appGatewayName'), '-httpSetting01')]",
                        "properties": {
                            "port": "[parameters('appGateWayRulePort')]",
                            "protocol": "[parameters('appGateWayRuleProtocol')]",
                            "requestTimeout": 15
                        }
                    }
                ],
                "httpListeners": [
                    {
                        "name": "[concat(parameters('appGatewayName'), '-httpListener01')]",
                        "properties": {
                            "frontendIPConfiguration": {
                                "id": "[resourceId('Microsoft.Network/applicationGateways/frontendIPConfigurations', parameters('appGatewayName'), concat(parameters('appGatewayName'), '-frontendconfig01'))]"
                            },
                            "frontendPort": {
                                "id": "[resourceId('Microsoft.Network/applicationGateways/frontendPorts', parameters('appGatewayName'), concat('port_', parameters('appGateWayRulePort')))]"
                            },
                            "protocol": "[parameters('appGateWayRuleProtocol')]"
                        }
                    }
                ],
                "requestRoutingRules": [
                    {
                        "name": "[parameters('appGateWayRuleName')]",
                        "properties": {
                            "ruleType": "Basic",
                            "httpListener": {
                                "id": "[resourceId('Microsoft.Network/applicationGateways/httpListeners', parameters('appGatewayName'), concat(parameters('appGatewayName'), '-httpListener01'))]"
                            },
                            "backendAddressPool": {
                                "id": "[resourceId('Microsoft.Network/applicationGateways/backendAddressPools', parameters('appGatewayName'), concat(parameters('appGatewayName'), '-backendpool01'))]"
                            },
                            "backendHttpSettings": {
                                "id": "[resourceId('Microsoft.Network/applicationGateways/backendHttpSettingsCollection', parameters('appGatewayName'), concat(parameters('appGatewayName'), '-httpSetting01'))]"
                            }
                        }
                    }
                ],
                "enableHttp2": true,
                "autoscaleConfiguration": {
                    "minCapacity": 2,
                    "maxCapacity": 10
                }
            },
            "dependsOn": [
                "[concat(variables('vnetName'), '-', 'rai-appgwsubnet')]",
                "[resourceId('Microsoft.Network/publicIpAddresses', concat(parameters('appGatewayName'), '-publicip'))]"
            ]
        },
        {
            "name": "[concat(parameters('virtualMachineName1'),'/', variables('aadLoginExtensionName'))]",
            "type": "Microsoft.Compute/virtualMachines/extensions",
            "apiVersion": "2018-10-01",
            "location": "[parameters('location')]",
            "properties": {
                "publisher": "Microsoft.Azure.ActiveDirectory",
                "type": "[variables('aadLoginExtensionName')]",
                "typeHandlerVersion": "1.0",
                "autoUpgradeMinorVersion": true
            },
            "dependsOn": [
                "[concat('Microsoft.Compute/virtualMachines/', parameters('virtualMachineName1'))]"
            ]
        },
        {
            "name": "[concat(parameters('virtualMachineName1'),'/HealthExtension')]",
            "type": "Microsoft.Compute/virtualMachines/extensions",
            "location": "[parameters('location')]",
            "apiVersion": "2018-10-01",
            "properties": {
                "publisher": "Microsoft.ManagedServices",
                "type": "ApplicationHealthLinux",
                "typeHandlerVersion": "1.0",
                "autoUpgradeMinorVersion": false,
                "settings": {
                    "protocol": "[parameters('healthExtensionProtocol')]",
                    "port": "[parameters('healthExtensionPort')]",
                    "requestPath": "[parameters('healthExtensionRequestPath')]"
                }
            },
            "dependsOn": [
                "[concat('Microsoft.Compute/virtualMachines/',parameters('virtualMachineName1'),'/extensions/', variables('aadLoginExtensionName'))]"
            ]
        },
        {
            "apiVersion": "2017-05-10",
            "type": "Microsoft.Resources/deployments",
            "name": "[concat(parameters('virtualMachineName'), '-AlertsActionGroup')]",
            "properties": {
                "mode": "Incremental",
                "expressionEvaluationOptions": {
                    "scope": "inner"
                },
                "parameters": {},
                "template": {
                    "$schema": "https://schema.management.azure.com/schemas/2019-04-01/deploymentTemplate.json#",
                    "contentVersion": "1.0.0.0",
                    "parameters": {},
                    "variables": {},
                    "resources": [
                        {
                            "type": "microsoft.insights/actionGroups",
                            "apiVersion": "2022-06-01",
                            "name": "RecommendedAlertRules-AG-1",
                            "location": "Global",
                            "properties": {
                                "groupShortName": "recalert1",
                                "enabled": true,
                                "emailReceivers": [
                                    {
                                        "name": "Email_-EmailAction-",
                                        "emailAddress": "hamzoooz123@gmail.com",
                                        "useCommonAlertSchema": true
                                    }
                                ],
                                "smsReceivers": [],
                                "webhookReceivers": [],
                                "eventHubReceivers": [],
                                "itsmReceivers": [],
                                "azureAppPushReceivers": [],
                                "automationRunbookReceivers": [],
                                "voiceReceivers": [],
                                "logicAppReceivers": [],
                                "azureFunctionReceivers": [],
                                "armRoleReceivers": []
                            }
                        }
                    ]
                }
            }
        },
        {
            "apiVersion": "2017-05-10",
            "type": "Microsoft.Resources/deployments",
            "name": "[concat(parameters('virtualMachineName'), '-VmAlertsRule-0')]",
            "properties": {
                "mode": "Incremental",
                "expressionEvaluationOptions": {
                    "scope": "inner"
                },
                "parameters": {
                    "name": {
                        "value": "Percentage CPU - themezoz"
                    },
                    "severity": {
                        "value": 3
                    },
                    "allOf": {
                        "value": [
                            {
                                "name": "Metric1",
                                "metricName": "Percentage CPU",
                                "metricNamespace": "Microsoft.Compute/virtualMachines",
                                "operator": "GreaterThan",
                                "timeAggregation": "Average",
                                "criterionType": "StaticThresholdCriterion",
                                "threshold": 80
                            }
                        ]
                    },
                    "actionGroups": {
                        "value": [
                            {
                                "actionGroupId": "/subscriptions/11586171-a73e-4a8e-8235-40cae2868d43/resourceGroups/cloud-shell-storage-westeurope/providers/microsoft.insights/actionGroups/RecommendedAlertRules-AG-1",
                                "webhookProperties": {}
                            }
                        ]
                    },
                    "location": {
                        "value": "Global"
                    },
                    "vmResourceId": {
                        "value": "[concat('/subscriptions/', subscription().subscriptionId, '/resourceGroups/', resourceGroup().name, '/providers/', 'Microsoft.Compute/virtualMachines/', parameters('virtualMachineName'))]"
                    }
                },
                "template": {
                    "$schema": "https://schema.management.azure.com/schemas/2019-04-01/deploymentTemplate.json#",
                    "contentVersion": "1.0.0.0",
                    "parameters": {
                        "name": {
                            "type": "string"
                        },
                        "severity": {
                            "type": "int"
                        },
                        "actionGroups": {
                            "type": "array"
                        },
                        "allOf": {
                            "type": "array"
                        },
                        "location": {
                            "type": "string"
                        },
                        "vmResourceId": {
                            "type": "string"
                        }
                    },
                    "variables": {},
                    "resources": [
                        {
                            "type": "microsoft.insights/metricAlerts",
                            "apiVersion": "2018-03-01",
                            "name": "[parameters('name')]",
                            "location": "[parameters('location')]",
                            "properties": {
                                "severity": "[parameters('severity')]",
                                "enabled": true,
                                "scopes": [
                                    "[parameters('vmResourceId')]"
                                ],
                                "evaluationFrequency": "PT5M",
                                "windowSize": "PT5M",
                                "criteria": {
                                    "allOf": "[parameters('allOf')]",
                                    "odata.type": "Microsoft.Azure.Monitor.MultipleResourceMultipleMetricCriteria"
                                },
                                "targetResourceType": "Microsoft.Compute/virtualMachines",
                                "actions": "[parameters('actionGroups')]"
                            }
                        }
                    ]
                }
            },
            "dependsOn": [
                "[resourceId(parameters('virtualMachineRG'), 'Microsoft.Compute/virtualMachines', parameters('virtualMachineName'))]",
                "[resourceId(parameters('virtualMachineRG'), 'Microsoft.Resources/deployments', concat(parameters('virtualMachineName'), '-AlertsActionGroup'))]"
            ]
        },
        {
            "apiVersion": "2017-05-10",
            "type": "Microsoft.Resources/deployments",
            "name": "[concat(parameters('virtualMachineName'), '-VmAlertsRule-1')]",
            "properties": {
                "mode": "Incremental",
                "expressionEvaluationOptions": {
                    "scope": "inner"
                },
                "parameters": {
                    "name": {
                        "value": "Available Memory Bytes - themezoz"
                    },
                    "severity": {
                        "value": 3
                    },
                    "allOf": {
                        "value": [
                            {
                                "name": "Metric1",
                                "metricName": "Available Memory Bytes",
                                "metricNamespace": "Microsoft.Compute/virtualMachines",
                                "operator": "LessThan",
                                "timeAggregation": "Average",
                                "criterionType": "StaticThresholdCriterion",
                                "threshold": 1000000000
                            }
                        ]
                    },
                    "actionGroups": {
                        "value": [
                            {
                                "actionGroupId": "/subscriptions/11586171-a73e-4a8e-8235-40cae2868d43/resourceGroups/cloud-shell-storage-westeurope/providers/microsoft.insights/actionGroups/RecommendedAlertRules-AG-1",
                                "webhookProperties": {}
                            }
                        ]
                    },
                    "location": {
                        "value": "Global"
                    },
                    "vmResourceId": {
                        "value": "[concat('/subscriptions/', subscription().subscriptionId, '/resourceGroups/', resourceGroup().name, '/providers/', 'Microsoft.Compute/virtualMachines/', parameters('virtualMachineName'))]"
                    }
                },
                "template": {
                    "$schema": "https://schema.management.azure.com/schemas/2019-04-01/deploymentTemplate.json#",
                    "contentVersion": "1.0.0.0",
                    "parameters": {
                        "name": {
                            "type": "string"
                        },
                        "severity": {
                            "type": "int"
                        },
                        "actionGroups": {
                            "type": "array"
                        },
                        "allOf": {
                            "type": "array"
                        },
                        "location": {
                            "type": "string"
                        },
                        "vmResourceId": {
                            "type": "string"
                        }
                    },
                    "variables": {},
                    "resources": [
                        {
                            "type": "microsoft.insights/metricAlerts",
                            "apiVersion": "2018-03-01",
                            "name": "[parameters('name')]",
                            "location": "[parameters('location')]",
                            "properties": {
                                "severity": "[parameters('severity')]",
                                "enabled": true,
                                "scopes": [
                                    "[parameters('vmResourceId')]"
                                ],
                                "evaluationFrequency": "PT5M",
                                "windowSize": "PT5M",
                                "criteria": {
                                    "allOf": "[parameters('allOf')]",
                                    "odata.type": "Microsoft.Azure.Monitor.MultipleResourceMultipleMetricCriteria"
                                },
                                "targetResourceType": "Microsoft.Compute/virtualMachines",
                                "actions": "[parameters('actionGroups')]"
                            }
                        }
                    ]
                }
            },
            "dependsOn": [
                "[resourceId(parameters('virtualMachineRG'), 'Microsoft.Compute/virtualMachines', parameters('virtualMachineName'))]",
                "[resourceId(parameters('virtualMachineRG'), 'Microsoft.Resources/deployments', concat(parameters('virtualMachineName'), '-AlertsActionGroup'))]"
            ]
        },
        {
            "apiVersion": "2017-05-10",
            "type": "Microsoft.Resources/deployments",
            "name": "[concat(parameters('virtualMachineName'), '-VmAlertsRule-2')]",
            "properties": {
                "mode": "Incremental",
                "expressionEvaluationOptions": {
                    "scope": "inner"
                },
                "parameters": {
                    "name": {
                        "value": "Data Disk IOPS Consumed Percentage - themezoz"
                    },
                    "severity": {
                        "value": 3
                    },
                    "allOf": {
                        "value": [
                            {
                                "name": "Metric1",
                                "metricName": "Data Disk IOPS Consumed Percentage",
                                "metricNamespace": "Microsoft.Compute/virtualMachines",
                                "operator": "GreaterThan",
                                "timeAggregation": "Average",
                                "criterionType": "StaticThresholdCriterion",
                                "threshold": 95
                            }
                        ]
                    },
                    "actionGroups": {
                        "value": [
                            {
                                "actionGroupId": "/subscriptions/11586171-a73e-4a8e-8235-40cae2868d43/resourceGroups/cloud-shell-storage-westeurope/providers/microsoft.insights/actionGroups/RecommendedAlertRules-AG-1",
                                "webhookProperties": {}
                            }
                        ]
                    },
                    "location": {
                        "value": "Global"
                    },
                    "vmResourceId": {
                        "value": "[concat('/subscriptions/', subscription().subscriptionId, '/resourceGroups/', resourceGroup().name, '/providers/', 'Microsoft.Compute/virtualMachines/', parameters('virtualMachineName'))]"
                    }
                },
                "template": {
                    "$schema": "https://schema.management.azure.com/schemas/2019-04-01/deploymentTemplate.json#",
                    "contentVersion": "1.0.0.0",
                    "parameters": {
                        "name": {
                            "type": "string"
                        },
                        "severity": {
                            "type": "int"
                        },
                        "actionGroups": {
                            "type": "array"
                        },
                        "allOf": {
                            "type": "array"
                        },
                        "location": {
                            "type": "string"
                        },
                        "vmResourceId": {
                            "type": "string"
                        }
                    },
                    "variables": {},
                    "resources": [
                        {
                            "type": "microsoft.insights/metricAlerts",
                            "apiVersion": "2018-03-01",
                            "name": "[parameters('name')]",
                            "location": "[parameters('location')]",
                            "properties": {
                                "severity": "[parameters('severity')]",
                                "enabled": true,
                                "scopes": [
                                    "[parameters('vmResourceId')]"
                                ],
                                "evaluationFrequency": "PT5M",
                                "windowSize": "PT5M",
                                "criteria": {
                                    "allOf": "[parameters('allOf')]",
                                    "odata.type": "Microsoft.Azure.Monitor.MultipleResourceMultipleMetricCriteria"
                                },
                                "targetResourceType": "Microsoft.Compute/virtualMachines",
                                "actions": "[parameters('actionGroups')]"
                            }
                        }
                    ]
                }
            },
            "dependsOn": [
                "[resourceId(parameters('virtualMachineRG'), 'Microsoft.Compute/virtualMachines', parameters('virtualMachineName'))]",
                "[resourceId(parameters('virtualMachineRG'), 'Microsoft.Resources/deployments', concat(parameters('virtualMachineName'), '-AlertsActionGroup'))]"
            ]
        },
        {
            "apiVersion": "2017-05-10",
            "type": "Microsoft.Resources/deployments",
            "name": "[concat(parameters('virtualMachineName'), '-VmAlertsRule-3')]",
            "properties": {
                "mode": "Incremental",
                "expressionEvaluationOptions": {
                    "scope": "inner"
                },
                "parameters": {
                    "name": {
                        "value": "OS Disk IOPS Consumed Percentage - themezoz"
                    },
                    "severity": {
                        "value": 3
                    },
                    "allOf": {
                        "value": [
                            {
                                "name": "Metric1",
                                "metricName": "OS Disk IOPS Consumed Percentage",
                                "metricNamespace": "Microsoft.Compute/virtualMachines",
                                "operator": "GreaterThan",
                                "timeAggregation": "Average",
                                "criterionType": "StaticThresholdCriterion",
                                "threshold": 95
                            }
                        ]
                    },
                    "actionGroups": {
                        "value": [
                            {
                                "actionGroupId": "/subscriptions/11586171-a73e-4a8e-8235-40cae2868d43/resourceGroups/cloud-shell-storage-westeurope/providers/microsoft.insights/actionGroups/RecommendedAlertRules-AG-1",
                                "webhookProperties": {}
                            }
                        ]
                    },
                    "location": {
                        "value": "Global"
                    },
                    "vmResourceId": {
                        "value": "[concat('/subscriptions/', subscription().subscriptionId, '/resourceGroups/', resourceGroup().name, '/providers/', 'Microsoft.Compute/virtualMachines/', parameters('virtualMachineName'))]"
                    }
                },
                "template": {
                    "$schema": "https://schema.management.azure.com/schemas/2019-04-01/deploymentTemplate.json#",
                    "contentVersion": "1.0.0.0",
                    "parameters": {
                        "name": {
                            "type": "string"
                        },
                        "severity": {
                            "type": "int"
                        },
                        "actionGroups": {
                            "type": "array"
                        },
                        "allOf": {
                            "type": "array"
                        },
                        "location": {
                            "type": "string"
                        },
                        "vmResourceId": {
                            "type": "string"
                        }
                    },
                    "variables": {},
                    "resources": [
                        {
                            "type": "microsoft.insights/metricAlerts",
                            "apiVersion": "2018-03-01",
                            "name": "[parameters('name')]",
                            "location": "[parameters('location')]",
                            "properties": {
                                "severity": "[parameters('severity')]",
                                "enabled": true,
                                "scopes": [
                                    "[parameters('vmResourceId')]"
                                ],
                                "evaluationFrequency": "PT5M",
                                "windowSize": "PT5M",
                                "criteria": {
                                    "allOf": "[parameters('allOf')]",
                                    "odata.type": "Microsoft.Azure.Monitor.MultipleResourceMultipleMetricCriteria"
                                },
                                "targetResourceType": "Microsoft.Compute/virtualMachines",
                                "actions": "[parameters('actionGroups')]"
                            }
                        }
                    ]
                }
            },
            "dependsOn": [
                "[resourceId(parameters('virtualMachineRG'), 'Microsoft.Compute/virtualMachines', parameters('virtualMachineName'))]",
                "[resourceId(parameters('virtualMachineRG'), 'Microsoft.Resources/deployments', concat(parameters('virtualMachineName'), '-AlertsActionGroup'))]"
            ]
        },
        {
            "apiVersion": "2017-05-10",
            "type": "Microsoft.Resources/deployments",
            "name": "[concat(parameters('virtualMachineName'), '-VmAlertsRule-4')]",
            "properties": {
                "mode": "Incremental",
                "expressionEvaluationOptions": {
                    "scope": "inner"
                },
                "parameters": {
                    "name": {
                        "value": "Network In Total - themezoz"
                    },
                    "severity": {
                        "value": 3
                    },
                    "allOf": {
                        "value": [
                            {
                                "name": "Metric1",
                                "metricName": "Network In Total",
                                "metricNamespace": "Microsoft.Compute/virtualMachines",
                                "operator": "GreaterThan",
                                "timeAggregation": "Total",
                                "criterionType": "StaticThresholdCriterion",
                                "threshold": 500000000000
                            }
                        ]
                    },
                    "actionGroups": {
                        "value": [
                            {
                                "actionGroupId": "/subscriptions/11586171-a73e-4a8e-8235-40cae2868d43/resourceGroups/cloud-shell-storage-westeurope/providers/microsoft.insights/actionGroups/RecommendedAlertRules-AG-1",
                                "webhookProperties": {}
                            }
                        ]
                    },
                    "location": {
                        "value": "Global"
                    },
                    "vmResourceId": {
                        "value": "[concat('/subscriptions/', subscription().subscriptionId, '/resourceGroups/', resourceGroup().name, '/providers/', 'Microsoft.Compute/virtualMachines/', parameters('virtualMachineName'))]"
                    }
                },
                "template": {
                    "$schema": "https://schema.management.azure.com/schemas/2019-04-01/deploymentTemplate.json#",
                    "contentVersion": "1.0.0.0",
                    "parameters": {
                        "name": {
                            "type": "string"
                        },
                        "severity": {
                            "type": "int"
                        },
                        "actionGroups": {
                            "type": "array"
                        },
                        "allOf": {
                            "type": "array"
                        },
                        "location": {
                            "type": "string"
                        },
                        "vmResourceId": {
                            "type": "string"
                        }
                    },
                    "variables": {},
                    "resources": [
                        {
                            "type": "microsoft.insights/metricAlerts",
                            "apiVersion": "2018-03-01",
                            "name": "[parameters('name')]",
                            "location": "[parameters('location')]",
                            "properties": {
                                "severity": "[parameters('severity')]",
                                "enabled": true,
                                "scopes": [
                                    "[parameters('vmResourceId')]"
                                ],
                                "evaluationFrequency": "PT5M",
                                "windowSize": "PT5M",
                                "criteria": {
                                    "allOf": "[parameters('allOf')]",
                                    "odata.type": "Microsoft.Azure.Monitor.MultipleResourceMultipleMetricCriteria"
                                },
                                "targetResourceType": "Microsoft.Compute/virtualMachines",
                                "actions": "[parameters('actionGroups')]"
                            }
                        }
                    ]
                }
            },
            "dependsOn": [
                "[resourceId(parameters('virtualMachineRG'), 'Microsoft.Compute/virtualMachines', parameters('virtualMachineName'))]",
                "[resourceId(parameters('virtualMachineRG'), 'Microsoft.Resources/deployments', concat(parameters('virtualMachineName'), '-AlertsActionGroup'))]"
            ]
        },
        {
            "apiVersion": "2017-05-10",
            "type": "Microsoft.Resources/deployments",
            "name": "[concat(parameters('virtualMachineName'), '-VmAlertsRule-5')]",
            "properties": {
                "mode": "Incremental",
                "expressionEvaluationOptions": {
                    "scope": "inner"
                },
                "parameters": {
                    "name": {
                        "value": "Network Out Total - themezoz"
                    },
                    "severity": {
                        "value": 3
                    },
                    "allOf": {
                        "value": [
                            {
                                "name": "Metric1",
                                "metricName": "Network Out Total",
                                "metricNamespace": "Microsoft.Compute/virtualMachines",
                                "operator": "GreaterThan",
                                "timeAggregation": "Total",
                                "criterionType": "StaticThresholdCriterion",
                                "threshold": 200000000000
                            }
                        ]
                    },
                    "actionGroups": {
                        "value": [
                            {
                                "actionGroupId": "/subscriptions/11586171-a73e-4a8e-8235-40cae2868d43/resourceGroups/cloud-shell-storage-westeurope/providers/microsoft.insights/actionGroups/RecommendedAlertRules-AG-1",
                                "webhookProperties": {}
                            }
                        ]
                    },
                    "location": {
                        "value": "Global"
                    },
                    "vmResourceId": {
                        "value": "[concat('/subscriptions/', subscription().subscriptionId, '/resourceGroups/', resourceGroup().name, '/providers/', 'Microsoft.Compute/virtualMachines/', parameters('virtualMachineName'))]"
                    }
                },
                "template": {
                    "$schema": "https://schema.management.azure.com/schemas/2019-04-01/deploymentTemplate.json#",
                    "contentVersion": "1.0.0.0",
                    "parameters": {
                        "name": {
                            "type": "string"
                        },
                        "severity": {
                            "type": "int"
                        },
                        "actionGroups": {
                            "type": "array"
                        },
                        "allOf": {
                            "type": "array"
                        },
                        "location": {
                            "type": "string"
                        },
                        "vmResourceId": {
                            "type": "string"
                        }
                    },
                    "variables": {},
                    "resources": [
                        {
                            "type": "microsoft.insights/metricAlerts",
                            "apiVersion": "2018-03-01",
                            "name": "[parameters('name')]",
                            "location": "[parameters('location')]",
                            "properties": {
                                "severity": "[parameters('severity')]",
                                "enabled": true,
                                "scopes": [
                                    "[parameters('vmResourceId')]"
                                ],
                                "evaluationFrequency": "PT5M",
                                "windowSize": "PT5M",
                                "criteria": {
                                    "allOf": "[parameters('allOf')]",
                                    "odata.type": "Microsoft.Azure.Monitor.MultipleResourceMultipleMetricCriteria"
                                },
                                "targetResourceType": "Microsoft.Compute/virtualMachines",
                                "actions": "[parameters('actionGroups')]"
                            }
                        }
                    ]
                }
            },
            "dependsOn": [
                "[resourceId(parameters('virtualMachineRG'), 'Microsoft.Compute/virtualMachines', parameters('virtualMachineName'))]",
                "[resourceId(parameters('virtualMachineRG'), 'Microsoft.Resources/deployments', concat(parameters('virtualMachineName'), '-AlertsActionGroup'))]"
            ]
        },
        {
            "apiVersion": "2017-05-10",
            "type": "Microsoft.Resources/deployments",
            "name": "[concat(parameters('virtualMachineName'), '-VmAlertsRule-6')]",
            "properties": {
                "mode": "Incremental",
                "expressionEvaluationOptions": {
                    "scope": "inner"
                },
                "parameters": {
                    "name": {
                        "value": "VM Availability - themezoz"
                    },
                    "severity": {
                        "value": 3
                    },
                    "allOf": {
                        "value": [
                            {
                                "name": "Metric1",
                                "metricName": "VmAvailabilityMetric",
                                "metricNamespace": "Microsoft.Compute/virtualMachines",
                                "operator": "LessThan",
                                "timeAggregation": "Average",
                                "criterionType": "StaticThresholdCriterion",
                                "threshold": 1
                            }
                        ]
                    },
                    "actionGroups": {
                        "value": [
                            {
                                "actionGroupId": "/subscriptions/11586171-a73e-4a8e-8235-40cae2868d43/resourceGroups/cloud-shell-storage-westeurope/providers/microsoft.insights/actionGroups/RecommendedAlertRules-AG-1",
                                "webhookProperties": {}
                            }
                        ]
                    },
                    "location": {
                        "value": "Global"
                    },
                    "vmResourceId": {
                        "value": "[concat('/subscriptions/', subscription().subscriptionId, '/resourceGroups/', resourceGroup().name, '/providers/', 'Microsoft.Compute/virtualMachines/', parameters('virtualMachineName'))]"
                    }
                },
                "template": {
                    "$schema": "https://schema.management.azure.com/schemas/2019-04-01/deploymentTemplate.json#",
                    "contentVersion": "1.0.0.0",
                    "parameters": {
                        "name": {
                            "type": "string"
                        },
                        "severity": {
                            "type": "int"
                        },
                        "actionGroups": {
                            "type": "array"
                        },
                        "allOf": {
                            "type": "array"
                        },
                        "location": {
                            "type": "string"
                        },
                        "vmResourceId": {
                            "type": "string"
                        }
                    },
                    "variables": {},
                    "resources": [
                        {
                            "type": "microsoft.insights/metricAlerts",
                            "apiVersion": "2018-03-01",
                            "name": "[parameters('name')]",
                            "location": "[parameters('location')]",
                            "properties": {
                                "severity": "[parameters('severity')]",
                                "enabled": true,
                                "scopes": [
                                    "[parameters('vmResourceId')]"
                                ],
                                "evaluationFrequency": "PT5M",
                                "windowSize": "PT5M",
                                "criteria": {
                                    "allOf": "[parameters('allOf')]",
                                    "odata.type": "Microsoft.Azure.Monitor.MultipleResourceMultipleMetricCriteria"
                                },
                                "targetResourceType": "Microsoft.Compute/virtualMachines",
                                "actions": "[parameters('actionGroups')]"
                            }
                        }
                    ]
                }
            },
            "dependsOn": [
                "[resourceId(parameters('virtualMachineRG'), 'Microsoft.Compute/virtualMachines', parameters('virtualMachineName'))]",
                "[resourceId(parameters('virtualMachineRG'), 'Microsoft.Resources/deployments', concat(parameters('virtualMachineName'), '-AlertsActionGroup'))]"
            ]
        }
    ],
    "outputs": {
        "adminUsername": {
            "type": "string",
            "value": "[parameters('adminUsername')]"
        }
    }
}