--
-- PostgreSQL database dump
--

-- Dumped from database version 12.17 (Ubuntu 12.17-0ubuntu0.20.04.1)
-- Dumped by pg_dump version 12.17 (Ubuntu 12.17-0ubuntu0.20.04.1)

SET statement_timeout = 0;
SET lock_timeout = 0;
SET idle_in_transaction_session_timeout = 0;
SET client_encoding = 'UTF8';
SET standard_conforming_strings = on;
SELECT pg_catalog.set_config('search_path', '', false);
SET check_function_bodies = false;
SET xmloption = content;
SET client_min_messages = warning;
SET row_security = off;

SET default_tablespace = '';

SET default_table_access_method = heap;

--
-- Name: account_emailaddress; Type: TABLE; Schema: public; Owner: themezoz
--

CREATE TABLE public.account_emailaddress (
    id integer NOT NULL,
    email character varying(254) NOT NULL,
    verified boolean NOT NULL,
    "primary" boolean NOT NULL,
    user_id bigint NOT NULL
);


ALTER TABLE public.account_emailaddress OWNER TO themezoz;

--
-- Name: account_emailaddress_id_seq; Type: SEQUENCE; Schema: public; Owner: themezoz
--

ALTER TABLE public.account_emailaddress ALTER COLUMN id ADD GENERATED BY DEFAULT AS IDENTITY (
    SEQUENCE NAME public.account_emailaddress_id_seq
    START WITH 1
    INCREMENT BY 1
    NO MINVALUE
    NO MAXVALUE
    CACHE 1
);


--
-- Name: account_emailconfirmation; Type: TABLE; Schema: public; Owner: themezoz
--

CREATE TABLE public.account_emailconfirmation (
    id integer NOT NULL,
    created timestamp with time zone NOT NULL,
    sent timestamp with time zone,
    key character varying(64) NOT NULL,
    email_address_id integer NOT NULL
);


ALTER TABLE public.account_emailconfirmation OWNER TO themezoz;

--
-- Name: account_emailconfirmation_id_seq; Type: SEQUENCE; Schema: public; Owner: themezoz
--

ALTER TABLE public.account_emailconfirmation ALTER COLUMN id ADD GENERATED BY DEFAULT AS IDENTITY (
    SEQUENCE NAME public.account_emailconfirmation_id_seq
    START WITH 1
    INCREMENT BY 1
    NO MINVALUE
    NO MAXVALUE
    CACHE 1
);


--
-- Name: auth_group; Type: TABLE; Schema: public; Owner: themezoz
--

CREATE TABLE public.auth_group (
    id integer NOT NULL,
    name character varying(150) NOT NULL
);


ALTER TABLE public.auth_group OWNER TO themezoz;

--
-- Name: auth_group_id_seq; Type: SEQUENCE; Schema: public; Owner: themezoz
--

ALTER TABLE public.auth_group ALTER COLUMN id ADD GENERATED BY DEFAULT AS IDENTITY (
    SEQUENCE NAME public.auth_group_id_seq
    START WITH 1
    INCREMENT BY 1
    NO MINVALUE
    NO MAXVALUE
    CACHE 1
);


--
-- Name: auth_group_permissions; Type: TABLE; Schema: public; Owner: themezoz
--

CREATE TABLE public.auth_group_permissions (
    id bigint NOT NULL,
    group_id integer NOT NULL,
    permission_id integer NOT NULL
);


ALTER TABLE public.auth_group_permissions OWNER TO themezoz;

--
-- Name: auth_group_permissions_id_seq; Type: SEQUENCE; Schema: public; Owner: themezoz
--

ALTER TABLE public.auth_group_permissions ALTER COLUMN id ADD GENERATED BY DEFAULT AS IDENTITY (
    SEQUENCE NAME public.auth_group_permissions_id_seq
    START WITH 1
    INCREMENT BY 1
    NO MINVALUE
    NO MAXVALUE
    CACHE 1
);


--
-- Name: auth_permission; Type: TABLE; Schema: public; Owner: themezoz
--

CREATE TABLE public.auth_permission (
    id integer NOT NULL,
    name character varying(255) NOT NULL,
    content_type_id integer NOT NULL,
    codename character varying(100) NOT NULL
);


ALTER TABLE public.auth_permission OWNER TO themezoz;

--
-- Name: auth_permission_id_seq; Type: SEQUENCE; Schema: public; Owner: themezoz
--

ALTER TABLE public.auth_permission ALTER COLUMN id ADD GENERATED BY DEFAULT AS IDENTITY (
    SEQUENCE NAME public.auth_permission_id_seq
    START WITH 1
    INCREMENT BY 1
    NO MINVALUE
    NO MAXVALUE
    CACHE 1
);


--
-- Name: blog_article; Type: TABLE; Schema: public; Owner: themezoz
--

CREATE TABLE public.blog_article (
    id bigint NOT NULL,
    title character varying(250) NOT NULL,
    slug character varying(50) NOT NULL,
    image character varying(100) NOT NULL,
    image_credit character varying(250),
    body text NOT NULL,
    date_published timestamp with time zone,
    date_created timestamp with time zone NOT NULL,
    date_updated timestamp with time zone NOT NULL,
    status character varying(10) NOT NULL,
    views integer NOT NULL,
    count_words character varying(50) NOT NULL,
    read_time character varying(50) NOT NULL,
    deleted boolean NOT NULL,
    author_id bigint NOT NULL,
    category_id bigint NOT NULL,
    CONSTRAINT blog_article_views_check CHECK ((views >= 0))
);


ALTER TABLE public.blog_article OWNER TO themezoz;

--
-- Name: blog_article_id_seq; Type: SEQUENCE; Schema: public; Owner: themezoz
--

ALTER TABLE public.blog_article ALTER COLUMN id ADD GENERATED BY DEFAULT AS IDENTITY (
    SEQUENCE NAME public.blog_article_id_seq
    START WITH 1
    INCREMENT BY 1
    NO MINVALUE
    NO MAXVALUE
    CACHE 1
);


--
-- Name: blog_category; Type: TABLE; Schema: public; Owner: themezoz
--

CREATE TABLE public.blog_category (
    id bigint NOT NULL,
    name character varying(100) NOT NULL,
    slug character varying(50) NOT NULL,
    image character varying(100) NOT NULL,
    approved boolean NOT NULL,
    date_created timestamp with time zone NOT NULL,
    date_updated timestamp with time zone NOT NULL
);


ALTER TABLE public.blog_category OWNER TO themezoz;

--
-- Name: blog_category_id_seq; Type: SEQUENCE; Schema: public; Owner: themezoz
--

ALTER TABLE public.blog_category ALTER COLUMN id ADD GENERATED BY DEFAULT AS IDENTITY (
    SEQUENCE NAME public.blog_category_id_seq
    START WITH 1
    INCREMENT BY 1
    NO MINVALUE
    NO MAXVALUE
    CACHE 1
);


--
-- Name: blog_comment; Type: TABLE; Schema: public; Owner: themezoz
--

CREATE TABLE public.blog_comment (
    id bigint NOT NULL,
    name character varying(250) NOT NULL,
    email character varying(254) NOT NULL,
    comment text NOT NULL,
    date_created timestamp with time zone NOT NULL,
    date_updated timestamp with time zone NOT NULL,
    approved boolean NOT NULL,
    article_id bigint NOT NULL
);


ALTER TABLE public.blog_comment OWNER TO themezoz;

--
-- Name: blog_comment_id_seq; Type: SEQUENCE; Schema: public; Owner: themezoz
--

ALTER TABLE public.blog_comment ALTER COLUMN id ADD GENERATED BY DEFAULT AS IDENTITY (
    SEQUENCE NAME public.blog_comment_id_seq
    START WITH 1
    INCREMENT BY 1
    NO MINVALUE
    NO MAXVALUE
    CACHE 1
);


--
-- Name: blog_profile; Type: TABLE; Schema: public; Owner: themezoz
--

CREATE TABLE public.blog_profile (
    id bigint NOT NULL,
    image character varying(100) NOT NULL,
    banner_image character varying(100) NOT NULL,
    job_title character varying(100) NOT NULL,
    bio character varying(100) NOT NULL,
    address character varying(100) NOT NULL,
    city character varying(100) NOT NULL,
    country character varying(100) NOT NULL,
    zip_code character varying(100) NOT NULL,
    twitter_url character varying(250),
    instagram_url character varying(250),
    facebook_url character varying(250),
    github_url character varying(250),
    email_confirmed boolean NOT NULL,
    created_on timestamp with time zone NOT NULL,
    updated_on timestamp with time zone NOT NULL,
    user_id bigint NOT NULL
);


ALTER TABLE public.blog_profile OWNER TO themezoz;

--
-- Name: blog_profile_id_seq; Type: SEQUENCE; Schema: public; Owner: themezoz
--

ALTER TABLE public.blog_profile ALTER COLUMN id ADD GENERATED BY DEFAULT AS IDENTITY (
    SEQUENCE NAME public.blog_profile_id_seq
    START WITH 1
    INCREMENT BY 1
    NO MINVALUE
    NO MAXVALUE
    CACHE 1
);


--
-- Name: carts_cart; Type: TABLE; Schema: public; Owner: themezoz
--

CREATE TABLE public.carts_cart (
    id bigint NOT NULL,
    create_at timestamp with time zone NOT NULL,
    qunatity integer NOT NULL,
    item_id bigint NOT NULL,
    user_id bigint
);


ALTER TABLE public.carts_cart OWNER TO themezoz;

--
-- Name: carts_cart_id_seq; Type: SEQUENCE; Schema: public; Owner: themezoz
--

ALTER TABLE public.carts_cart ALTER COLUMN id ADD GENERATED BY DEFAULT AS IDENTITY (
    SEQUENCE NAME public.carts_cart_id_seq
    START WITH 1
    INCREMENT BY 1
    NO MINVALUE
    NO MAXVALUE
    CACHE 1
);


--
-- Name: carts_order; Type: TABLE; Schema: public; Owner: themezoz
--

CREATE TABLE public.carts_order (
    id bigint NOT NULL,
    total_price double precision NOT NULL,
    payment_id character varying(150) NOT NULL,
    stats character varying(150) NOT NULL,
    message text,
    tracking_no character varying(150) NOT NULL,
    create_at timestamp with time zone NOT NULL,
    update_at timestamp with time zone NOT NULL,
    user_id bigint NOT NULL
);


ALTER TABLE public.carts_order OWNER TO themezoz;

--
-- Name: carts_order_id_seq; Type: SEQUENCE; Schema: public; Owner: themezoz
--

ALTER TABLE public.carts_order ALTER COLUMN id ADD GENERATED BY DEFAULT AS IDENTITY (
    SEQUENCE NAME public.carts_order_id_seq
    START WITH 1
    INCREMENT BY 1
    NO MINVALUE
    NO MAXVALUE
    CACHE 1
);


--
-- Name: carts_orderitem; Type: TABLE; Schema: public; Owner: themezoz
--

CREATE TABLE public.carts_orderitem (
    id bigint NOT NULL,
    price double precision NOT NULL,
    quantity integer NOT NULL,
    item_id bigint NOT NULL,
    order_id bigint NOT NULL
);


ALTER TABLE public.carts_orderitem OWNER TO themezoz;

--
-- Name: carts_orderitem_id_seq; Type: SEQUENCE; Schema: public; Owner: themezoz
--

ALTER TABLE public.carts_orderitem ALTER COLUMN id ADD GENERATED BY DEFAULT AS IDENTITY (
    SEQUENCE NAME public.carts_orderitem_id_seq
    START WITH 1
    INCREMENT BY 1
    NO MINVALUE
    NO MAXVALUE
    CACHE 1
);


--
-- Name: core_category; Type: TABLE; Schema: public; Owner: themezoz
--

CREATE TABLE public.core_category (
    id bigint NOT NULL,
    name character varying(150),
    slug character varying(150),
    image character varying(100),
    description text,
    status boolean NOT NULL,
    trending boolean NOT NULL,
    meta_title character varying(150),
    meta_keywords character varying(150),
    meta_description character varying(150),
    number_of_views integer NOT NULL,
    number_of_likes integer NOT NULL,
    created_at timestamp with time zone NOT NULL,
    updated_at timestamp with time zone NOT NULL,
    created_by_id bigint NOT NULL
);


ALTER TABLE public.core_category OWNER TO themezoz;

--
-- Name: core_category_collections; Type: TABLE; Schema: public; Owner: themezoz
--

CREATE TABLE public.core_category_collections (
    id bigint NOT NULL,
    category_id bigint NOT NULL,
    collections_id bigint NOT NULL
);


ALTER TABLE public.core_category_collections OWNER TO themezoz;

--
-- Name: core_category_collections_id_seq; Type: SEQUENCE; Schema: public; Owner: themezoz
--

ALTER TABLE public.core_category_collections ALTER COLUMN id ADD GENERATED BY DEFAULT AS IDENTITY (
    SEQUENCE NAME public.core_category_collections_id_seq
    START WITH 1
    INCREMENT BY 1
    NO MINVALUE
    NO MAXVALUE
    CACHE 1
);


--
-- Name: core_category_id_seq; Type: SEQUENCE; Schema: public; Owner: themezoz
--

ALTER TABLE public.core_category ALTER COLUMN id ADD GENERATED BY DEFAULT AS IDENTITY (
    SEQUENCE NAME public.core_category_id_seq
    START WITH 1
    INCREMENT BY 1
    NO MINVALUE
    NO MAXVALUE
    CACHE 1
);


--
-- Name: core_collections; Type: TABLE; Schema: public; Owner: themezoz
--

CREATE TABLE public.core_collections (
    id bigint NOT NULL,
    name character varying(150),
    slug character varying(150),
    image_background character varying(100),
    thumbnail_clooection character varying(100),
    description text,
    status boolean NOT NULL,
    trending boolean NOT NULL,
    number_of_views integer NOT NULL,
    number_of_likes integer NOT NULL,
    meta_title character varying(150),
    meta_keywords character varying(150),
    meta_description character varying(150),
    created_at timestamp with time zone NOT NULL,
    updated_at timestamp with time zone NOT NULL,
    created_by_id bigint NOT NULL
);


ALTER TABLE public.core_collections OWNER TO themezoz;

--
-- Name: core_collections_id_seq; Type: SEQUENCE; Schema: public; Owner: themezoz
--

ALTER TABLE public.core_collections ALTER COLUMN id ADD GENERATED BY DEFAULT AS IDENTITY (
    SEQUENCE NAME public.core_collections_id_seq
    START WITH 1
    INCREMENT BY 1
    NO MINVALUE
    NO MAXVALUE
    CACHE 1
);


--
-- Name: core_contact_us; Type: TABLE; Schema: public; Owner: themezoz
--

CREATE TABLE public.core_contact_us (
    id bigint NOT NULL,
    name character varying(50) NOT NULL,
    email character varying(254) NOT NULL,
    number integer NOT NULL,
    subject character varying(50) NOT NULL,
    message text NOT NULL,
    create_at timestamp with time zone NOT NULL
);


ALTER TABLE public.core_contact_us OWNER TO themezoz;

--
-- Name: core_contact_us_id_seq; Type: SEQUENCE; Schema: public; Owner: themezoz
--

ALTER TABLE public.core_contact_us ALTER COLUMN id ADD GENERATED BY DEFAULT AS IDENTITY (
    SEQUENCE NAME public.core_contact_us_id_seq
    START WITH 1
    INCREMENT BY 1
    NO MINVALUE
    NO MAXVALUE
    CACHE 1
);


--
-- Name: core_item; Type: TABLE; Schema: public; Owner: themezoz
--

CREATE TABLE public.core_item (
    id bigint NOT NULL,
    title character varying(100) NOT NULL,
    long_title character varying(250),
    file character varying(100),
    url_download character varying(200),
    url_download2 character varying(200),
    url_downloa3 character varying(200),
    url_gitgub character varying(200),
    url_gitlab character varying(200),
    url_index character varying(200),
    url_readme character varying(200),
    url_one_drive character varying(200),
    url_google_drive character varying(200),
    url_gitbuck_drive character varying(200),
    demo character varying(200),
    demo1 character varying(200),
    demo2 character varying(200),
    demo3 character varying(200),
    slug character varying(150),
    theme_image character varying(100),
    theme_image1 character varying(100),
    theme_image2 character varying(100),
    theme_image3 character varying(100),
    theme_image4 character varying(100),
    theme_image5 character varying(100),
    theme_image6 character varying(100),
    theme_image7 character varying(100),
    theme_image8 character varying(100),
    theme_image_url character varying(200),
    theme_image_url_1 character varying(200),
    theme_image_url_2 character varying(200),
    theme_image_url_3 character varying(200),
    theme_image_url_4 character varying(200),
    theme_image_url_5 character varying(200),
    theme_image_url_6 character varying(200),
    theme_image_url_7 character varying(200),
    theme_image_url_8 character varying(200),
    theme_image_url_9 character varying(200),
    published_date date NOT NULL,
    language character varying(3) NOT NULL,
    version integer,
    available character varying(10) NOT NULL,
    number_of_views integer NOT NULL,
    number_of_likes integer NOT NULL,
    small_description text,
    description text,
    "Features" text,
    how_to_use text,
    number_of_downloads integer NOT NULL,
    number_pages integer NOT NULL,
    original_price double precision,
    selling_price double precision,
    size bigint,
    status boolean NOT NULL,
    trending boolean NOT NULL,
    editors_choice boolean NOT NULL,
    rating integer NOT NULL,
    tags character varying(150),
    meta_title character varying(150),
    meta_keywords character varying(150),
    meta_description character varying(150),
    created_at timestamp with time zone NOT NULL,
    updated_at timestamp with time zone NOT NULL,
    approved boolean NOT NULL,
    user_id bigint NOT NULL
);


ALTER TABLE public.core_item OWNER TO themezoz;

--
-- Name: core_item_category; Type: TABLE; Schema: public; Owner: themezoz
--

CREATE TABLE public.core_item_category (
    id bigint NOT NULL,
    item_id bigint NOT NULL,
    category_id bigint NOT NULL
);


ALTER TABLE public.core_item_category OWNER TO themezoz;

--
-- Name: core_item_category_id_seq; Type: SEQUENCE; Schema: public; Owner: themezoz
--

ALTER TABLE public.core_item_category ALTER COLUMN id ADD GENERATED BY DEFAULT AS IDENTITY (
    SEQUENCE NAME public.core_item_category_id_seq
    START WITH 1
    INCREMENT BY 1
    NO MINVALUE
    NO MAXVALUE
    CACHE 1
);


--
-- Name: core_item_id_seq; Type: SEQUENCE; Schema: public; Owner: themezoz
--

ALTER TABLE public.core_item ALTER COLUMN id ADD GENERATED BY DEFAULT AS IDENTITY (
    SEQUENCE NAME public.core_item_id_seq
    START WITH 1
    INCREMENT BY 1
    NO MINVALUE
    NO MAXVALUE
    CACHE 1
);


--
-- Name: core_item_subcategory; Type: TABLE; Schema: public; Owner: themezoz
--

CREATE TABLE public.core_item_subcategory (
    id bigint NOT NULL,
    item_id bigint NOT NULL,
    subcategory_id bigint NOT NULL
);


ALTER TABLE public.core_item_subcategory OWNER TO themezoz;

--
-- Name: core_item_subcategory_id_seq; Type: SEQUENCE; Schema: public; Owner: themezoz
--

ALTER TABLE public.core_item_subcategory ALTER COLUMN id ADD GENERATED BY DEFAULT AS IDENTITY (
    SEQUENCE NAME public.core_item_subcategory_id_seq
    START WITH 1
    INCREMENT BY 1
    NO MINVALUE
    NO MAXVALUE
    CACHE 1
);


--
-- Name: core_myfav; Type: TABLE; Schema: public; Owner: themezoz
--

CREATE TABLE public.core_myfav (
    id bigint NOT NULL,
    item_id bigint NOT NULL,
    user_id bigint NOT NULL
);


ALTER TABLE public.core_myfav OWNER TO themezoz;

--
-- Name: core_myfav_id_seq; Type: SEQUENCE; Schema: public; Owner: themezoz
--

ALTER TABLE public.core_myfav ALTER COLUMN id ADD GENERATED BY DEFAULT AS IDENTITY (
    SEQUENCE NAME public.core_myfav_id_seq
    START WITH 1
    INCREMENT BY 1
    NO MINVALUE
    NO MAXVALUE
    CACHE 1
);


--
-- Name: core_socialmedia; Type: TABLE; Schema: public; Owner: themezoz
--

CREATE TABLE public.core_socialmedia (
    id bigint NOT NULL,
    name character varying(50) NOT NULL,
    url character varying(200) NOT NULL,
    icon character varying(100),
    created_at timestamp with time zone,
    updated_at timestamp with time zone NOT NULL
);


ALTER TABLE public.core_socialmedia OWNER TO themezoz;

--
-- Name: core_socialmedia_id_seq; Type: SEQUENCE; Schema: public; Owner: themezoz
--

ALTER TABLE public.core_socialmedia ALTER COLUMN id ADD GENERATED BY DEFAULT AS IDENTITY (
    SEQUENCE NAME public.core_socialmedia_id_seq
    START WITH 1
    INCREMENT BY 1
    NO MINVALUE
    NO MAXVALUE
    CACHE 1
);


--
-- Name: core_subcategory; Type: TABLE; Schema: public; Owner: themezoz
--

CREATE TABLE public.core_subcategory (
    id bigint NOT NULL,
    name character varying(150),
    slug character varying(150),
    image character varying(100),
    description text,
    status boolean NOT NULL,
    trending boolean NOT NULL,
    meta_title character varying(150),
    meta_keywords character varying(150),
    meta_description character varying(150),
    number_of_views integer NOT NULL,
    number_of_likes integer NOT NULL,
    created_at timestamp with time zone NOT NULL,
    updated_at timestamp with time zone NOT NULL
);


ALTER TABLE public.core_subcategory OWNER TO themezoz;

--
-- Name: core_subcategory_category; Type: TABLE; Schema: public; Owner: themezoz
--

CREATE TABLE public.core_subcategory_category (
    id bigint NOT NULL,
    subcategory_id bigint NOT NULL,
    category_id bigint NOT NULL
);


ALTER TABLE public.core_subcategory_category OWNER TO themezoz;

--
-- Name: core_subcategory_category_id_seq; Type: SEQUENCE; Schema: public; Owner: themezoz
--

ALTER TABLE public.core_subcategory_category ALTER COLUMN id ADD GENERATED BY DEFAULT AS IDENTITY (
    SEQUENCE NAME public.core_subcategory_category_id_seq
    START WITH 1
    INCREMENT BY 1
    NO MINVALUE
    NO MAXVALUE
    CACHE 1
);


--
-- Name: core_subcategory_id_seq; Type: SEQUENCE; Schema: public; Owner: themezoz
--

ALTER TABLE public.core_subcategory ALTER COLUMN id ADD GENERATED BY DEFAULT AS IDENTITY (
    SEQUENCE NAME public.core_subcategory_id_seq
    START WITH 1
    INCREMENT BY 1
    NO MINVALUE
    NO MAXVALUE
    CACHE 1
);


--
-- Name: django_admin_log; Type: TABLE; Schema: public; Owner: themezoz
--

CREATE TABLE public.django_admin_log (
    id integer NOT NULL,
    action_time timestamp with time zone NOT NULL,
    object_id text,
    object_repr character varying(200) NOT NULL,
    action_flag smallint NOT NULL,
    change_message text NOT NULL,
    content_type_id integer,
    user_id bigint NOT NULL,
    CONSTRAINT django_admin_log_action_flag_check CHECK ((action_flag >= 0))
);


ALTER TABLE public.django_admin_log OWNER TO themezoz;

--
-- Name: django_admin_log_id_seq; Type: SEQUENCE; Schema: public; Owner: themezoz
--

ALTER TABLE public.django_admin_log ALTER COLUMN id ADD GENERATED BY DEFAULT AS IDENTITY (
    SEQUENCE NAME public.django_admin_log_id_seq
    START WITH 1
    INCREMENT BY 1
    NO MINVALUE
    NO MAXVALUE
    CACHE 1
);


--
-- Name: django_content_type; Type: TABLE; Schema: public; Owner: themezoz
--

CREATE TABLE public.django_content_type (
    id integer NOT NULL,
    app_label character varying(100) NOT NULL,
    model character varying(100) NOT NULL
);


ALTER TABLE public.django_content_type OWNER TO themezoz;

--
-- Name: django_content_type_id_seq; Type: SEQUENCE; Schema: public; Owner: themezoz
--

ALTER TABLE public.django_content_type ALTER COLUMN id ADD GENERATED BY DEFAULT AS IDENTITY (
    SEQUENCE NAME public.django_content_type_id_seq
    START WITH 1
    INCREMENT BY 1
    NO MINVALUE
    NO MAXVALUE
    CACHE 1
);


--
-- Name: django_migrations; Type: TABLE; Schema: public; Owner: themezoz
--

CREATE TABLE public.django_migrations (
    id bigint NOT NULL,
    app character varying(255) NOT NULL,
    name character varying(255) NOT NULL,
    applied timestamp with time zone NOT NULL
);


ALTER TABLE public.django_migrations OWNER TO themezoz;

--
-- Name: django_migrations_id_seq; Type: SEQUENCE; Schema: public; Owner: themezoz
--

ALTER TABLE public.django_migrations ALTER COLUMN id ADD GENERATED BY DEFAULT AS IDENTITY (
    SEQUENCE NAME public.django_migrations_id_seq
    START WITH 1
    INCREMENT BY 1
    NO MINVALUE
    NO MAXVALUE
    CACHE 1
);


--
-- Name: django_session; Type: TABLE; Schema: public; Owner: themezoz
--

CREATE TABLE public.django_session (
    session_key character varying(40) NOT NULL,
    session_data text NOT NULL,
    expire_date timestamp with time zone NOT NULL
);


ALTER TABLE public.django_session OWNER TO themezoz;

--
-- Name: django_site; Type: TABLE; Schema: public; Owner: themezoz
--

CREATE TABLE public.django_site (
    id integer NOT NULL,
    domain character varying(100) NOT NULL,
    name character varying(50) NOT NULL
);


ALTER TABLE public.django_site OWNER TO themezoz;

--
-- Name: django_site_id_seq; Type: SEQUENCE; Schema: public; Owner: themezoz
--

ALTER TABLE public.django_site ALTER COLUMN id ADD GENERATED BY DEFAULT AS IDENTITY (
    SEQUENCE NAME public.django_site_id_seq
    START WITH 1
    INCREMENT BY 1
    NO MINVALUE
    NO MAXVALUE
    CACHE 1
);


--
-- Name: oauth2_provider_accesstoken; Type: TABLE; Schema: public; Owner: themezoz
--

CREATE TABLE public.oauth2_provider_accesstoken (
    id bigint NOT NULL,
    token character varying(255) NOT NULL,
    expires timestamp with time zone NOT NULL,
    scope text NOT NULL,
    application_id bigint,
    user_id bigint,
    created timestamp with time zone NOT NULL,
    updated timestamp with time zone NOT NULL,
    source_refresh_token_id bigint,
    id_token_id bigint
);


ALTER TABLE public.oauth2_provider_accesstoken OWNER TO themezoz;

--
-- Name: oauth2_provider_accesstoken_id_seq; Type: SEQUENCE; Schema: public; Owner: themezoz
--

ALTER TABLE public.oauth2_provider_accesstoken ALTER COLUMN id ADD GENERATED BY DEFAULT AS IDENTITY (
    SEQUENCE NAME public.oauth2_provider_accesstoken_id_seq
    START WITH 1
    INCREMENT BY 1
    NO MINVALUE
    NO MAXVALUE
    CACHE 1
);


--
-- Name: oauth2_provider_application; Type: TABLE; Schema: public; Owner: themezoz
--

CREATE TABLE public.oauth2_provider_application (
    id bigint NOT NULL,
    client_id character varying(100) NOT NULL,
    redirect_uris text NOT NULL,
    client_type character varying(32) NOT NULL,
    authorization_grant_type character varying(32) NOT NULL,
    client_secret character varying(255) NOT NULL,
    name character varying(255) NOT NULL,
    user_id bigint,
    skip_authorization boolean NOT NULL,
    created timestamp with time zone NOT NULL,
    updated timestamp with time zone NOT NULL,
    algorithm character varying(5) NOT NULL,
    post_logout_redirect_uris text NOT NULL
);


ALTER TABLE public.oauth2_provider_application OWNER TO themezoz;

--
-- Name: oauth2_provider_application_id_seq; Type: SEQUENCE; Schema: public; Owner: themezoz
--

ALTER TABLE public.oauth2_provider_application ALTER COLUMN id ADD GENERATED BY DEFAULT AS IDENTITY (
    SEQUENCE NAME public.oauth2_provider_application_id_seq
    START WITH 1
    INCREMENT BY 1
    NO MINVALUE
    NO MAXVALUE
    CACHE 1
);


--
-- Name: oauth2_provider_grant; Type: TABLE; Schema: public; Owner: themezoz
--

CREATE TABLE public.oauth2_provider_grant (
    id bigint NOT NULL,
    code character varying(255) NOT NULL,
    expires timestamp with time zone NOT NULL,
    redirect_uri text NOT NULL,
    scope text NOT NULL,
    application_id bigint NOT NULL,
    user_id bigint NOT NULL,
    created timestamp with time zone NOT NULL,
    updated timestamp with time zone NOT NULL,
    code_challenge character varying(128) NOT NULL,
    code_challenge_method character varying(10) NOT NULL,
    nonce character varying(255) NOT NULL,
    claims text NOT NULL
);


ALTER TABLE public.oauth2_provider_grant OWNER TO themezoz;

--
-- Name: oauth2_provider_grant_id_seq; Type: SEQUENCE; Schema: public; Owner: themezoz
--

ALTER TABLE public.oauth2_provider_grant ALTER COLUMN id ADD GENERATED BY DEFAULT AS IDENTITY (
    SEQUENCE NAME public.oauth2_provider_grant_id_seq
    START WITH 1
    INCREMENT BY 1
    NO MINVALUE
    NO MAXVALUE
    CACHE 1
);


--
-- Name: oauth2_provider_idtoken; Type: TABLE; Schema: public; Owner: themezoz
--

CREATE TABLE public.oauth2_provider_idtoken (
    id bigint NOT NULL,
    jti uuid NOT NULL,
    expires timestamp with time zone NOT NULL,
    scope text NOT NULL,
    created timestamp with time zone NOT NULL,
    updated timestamp with time zone NOT NULL,
    application_id bigint,
    user_id bigint
);


ALTER TABLE public.oauth2_provider_idtoken OWNER TO themezoz;

--
-- Name: oauth2_provider_idtoken_id_seq; Type: SEQUENCE; Schema: public; Owner: themezoz
--

ALTER TABLE public.oauth2_provider_idtoken ALTER COLUMN id ADD GENERATED BY DEFAULT AS IDENTITY (
    SEQUENCE NAME public.oauth2_provider_idtoken_id_seq
    START WITH 1
    INCREMENT BY 1
    NO MINVALUE
    NO MAXVALUE
    CACHE 1
);


--
-- Name: oauth2_provider_refreshtoken; Type: TABLE; Schema: public; Owner: themezoz
--

CREATE TABLE public.oauth2_provider_refreshtoken (
    id bigint NOT NULL,
    token character varying(255) NOT NULL,
    access_token_id bigint,
    application_id bigint NOT NULL,
    user_id bigint NOT NULL,
    created timestamp with time zone NOT NULL,
    updated timestamp with time zone NOT NULL,
    revoked timestamp with time zone
);


ALTER TABLE public.oauth2_provider_refreshtoken OWNER TO themezoz;

--
-- Name: oauth2_provider_refreshtoken_id_seq; Type: SEQUENCE; Schema: public; Owner: themezoz
--

ALTER TABLE public.oauth2_provider_refreshtoken ALTER COLUMN id ADD GENERATED BY DEFAULT AS IDENTITY (
    SEQUENCE NAME public.oauth2_provider_refreshtoken_id_seq
    START WITH 1
    INCREMENT BY 1
    NO MINVALUE
    NO MAXVALUE
    CACHE 1
);


--
-- Name: rating_ratingsystem; Type: TABLE; Schema: public; Owner: themezoz
--

CREATE TABLE public.rating_ratingsystem (
    id bigint NOT NULL,
    rating integer NOT NULL,
    rate_in character varying(255),
    created_at date,
    updated_at date NOT NULL,
    item_id bigint NOT NULL,
    user_id bigint NOT NULL
);


ALTER TABLE public.rating_ratingsystem OWNER TO themezoz;

--
-- Name: rating_ratingsystem_id_seq; Type: SEQUENCE; Schema: public; Owner: themezoz
--

ALTER TABLE public.rating_ratingsystem ALTER COLUMN id ADD GENERATED BY DEFAULT AS IDENTITY (
    SEQUENCE NAME public.rating_ratingsystem_id_seq
    START WITH 1
    INCREMENT BY 1
    NO MINVALUE
    NO MAXVALUE
    CACHE 1
);


--
-- Name: sliders_sliderhome; Type: TABLE; Schema: public; Owner: themezoz
--

CREATE TABLE public.sliders_sliderhome (
    id bigint NOT NULL,
    title character varying(20) NOT NULL,
    description character varying(150) NOT NULL,
    created_at timestamp with time zone NOT NULL,
    image character varying(100),
    image_url character varying(200),
    updated_at timestamp with time zone NOT NULL,
    number_of_views integer NOT NULL,
    number_of_clicks integer NOT NULL,
    url character varying(200) NOT NULL
);


ALTER TABLE public.sliders_sliderhome OWNER TO themezoz;

--
-- Name: sliders_sliderhome_id_seq; Type: SEQUENCE; Schema: public; Owner: themezoz
--

ALTER TABLE public.sliders_sliderhome ALTER COLUMN id ADD GENERATED BY DEFAULT AS IDENTITY (
    SEQUENCE NAME public.sliders_sliderhome_id_seq
    START WITH 1
    INCREMENT BY 1
    NO MINVALUE
    NO MAXVALUE
    CACHE 1
);


--
-- Name: socialaccount_socialaccount; Type: TABLE; Schema: public; Owner: themezoz
--

CREATE TABLE public.socialaccount_socialaccount (
    id integer NOT NULL,
    provider character varying(200) NOT NULL,
    uid character varying(191) NOT NULL,
    last_login timestamp with time zone NOT NULL,
    date_joined timestamp with time zone NOT NULL,
    extra_data jsonb NOT NULL,
    user_id bigint NOT NULL
);


ALTER TABLE public.socialaccount_socialaccount OWNER TO themezoz;

--
-- Name: socialaccount_socialaccount_id_seq; Type: SEQUENCE; Schema: public; Owner: themezoz
--

ALTER TABLE public.socialaccount_socialaccount ALTER COLUMN id ADD GENERATED BY DEFAULT AS IDENTITY (
    SEQUENCE NAME public.socialaccount_socialaccount_id_seq
    START WITH 1
    INCREMENT BY 1
    NO MINVALUE
    NO MAXVALUE
    CACHE 1
);


--
-- Name: socialaccount_socialapp; Type: TABLE; Schema: public; Owner: themezoz
--

CREATE TABLE public.socialaccount_socialapp (
    id integer NOT NULL,
    provider character varying(30) NOT NULL,
    name character varying(40) NOT NULL,
    client_id character varying(191) NOT NULL,
    secret character varying(191) NOT NULL,
    key character varying(191) NOT NULL,
    provider_id character varying(200) NOT NULL,
    settings jsonb NOT NULL
);


ALTER TABLE public.socialaccount_socialapp OWNER TO themezoz;

--
-- Name: socialaccount_socialapp_id_seq; Type: SEQUENCE; Schema: public; Owner: themezoz
--

ALTER TABLE public.socialaccount_socialapp ALTER COLUMN id ADD GENERATED BY DEFAULT AS IDENTITY (
    SEQUENCE NAME public.socialaccount_socialapp_id_seq
    START WITH 1
    INCREMENT BY 1
    NO MINVALUE
    NO MAXVALUE
    CACHE 1
);


--
-- Name: socialaccount_socialapp_sites; Type: TABLE; Schema: public; Owner: themezoz
--

CREATE TABLE public.socialaccount_socialapp_sites (
    id bigint NOT NULL,
    socialapp_id integer NOT NULL,
    site_id integer NOT NULL
);


ALTER TABLE public.socialaccount_socialapp_sites OWNER TO themezoz;

--
-- Name: socialaccount_socialapp_sites_id_seq; Type: SEQUENCE; Schema: public; Owner: themezoz
--

ALTER TABLE public.socialaccount_socialapp_sites ALTER COLUMN id ADD GENERATED BY DEFAULT AS IDENTITY (
    SEQUENCE NAME public.socialaccount_socialapp_sites_id_seq
    START WITH 1
    INCREMENT BY 1
    NO MINVALUE
    NO MAXVALUE
    CACHE 1
);


--
-- Name: socialaccount_socialtoken; Type: TABLE; Schema: public; Owner: themezoz
--

CREATE TABLE public.socialaccount_socialtoken (
    id integer NOT NULL,
    token text NOT NULL,
    token_secret text NOT NULL,
    expires_at timestamp with time zone,
    account_id integer NOT NULL,
    app_id integer
);


ALTER TABLE public.socialaccount_socialtoken OWNER TO themezoz;

--
-- Name: socialaccount_socialtoken_id_seq; Type: SEQUENCE; Schema: public; Owner: themezoz
--

ALTER TABLE public.socialaccount_socialtoken ALTER COLUMN id ADD GENERATED BY DEFAULT AS IDENTITY (
    SEQUENCE NAME public.socialaccount_socialtoken_id_seq
    START WITH 1
    INCREMENT BY 1
    NO MINVALUE
    NO MAXVALUE
    CACHE 1
);


--
-- Name: taggit_tag; Type: TABLE; Schema: public; Owner: themezoz
--

CREATE TABLE public.taggit_tag (
    id integer NOT NULL,
    name character varying(100) NOT NULL,
    slug character varying(100) NOT NULL
);


ALTER TABLE public.taggit_tag OWNER TO themezoz;

--
-- Name: taggit_tag_id_seq; Type: SEQUENCE; Schema: public; Owner: themezoz
--

ALTER TABLE public.taggit_tag ALTER COLUMN id ADD GENERATED BY DEFAULT AS IDENTITY (
    SEQUENCE NAME public.taggit_tag_id_seq
    START WITH 1
    INCREMENT BY 1
    NO MINVALUE
    NO MAXVALUE
    CACHE 1
);


--
-- Name: taggit_taggeditem; Type: TABLE; Schema: public; Owner: themezoz
--

CREATE TABLE public.taggit_taggeditem (
    id integer NOT NULL,
    object_id integer NOT NULL,
    content_type_id integer NOT NULL,
    tag_id integer NOT NULL
);


ALTER TABLE public.taggit_taggeditem OWNER TO themezoz;

--
-- Name: taggit_taggeditem_id_seq; Type: SEQUENCE; Schema: public; Owner: themezoz
--

ALTER TABLE public.taggit_taggeditem ALTER COLUMN id ADD GENERATED BY DEFAULT AS IDENTITY (
    SEQUENCE NAME public.taggit_taggeditem_id_seq
    START WITH 1
    INCREMENT BY 1
    NO MINVALUE
    NO MAXVALUE
    CACHE 1
);


--
-- Name: users_customuser; Type: TABLE; Schema: public; Owner: themezoz
--

CREATE TABLE public.users_customuser (
    id bigint NOT NULL,
    password character varying(128) NOT NULL,
    last_login timestamp with time zone,
    is_superuser boolean NOT NULL,
    email character varying(100),
    username character varying(150) NOT NULL,
    first_name character varying(150) NOT NULL,
    last_name character varying(150),
    is_staff boolean NOT NULL,
    is_active boolean NOT NULL,
    phone character varying(15),
    profile_image character varying(100),
    description text,
    profile_cover_image character varying(100),
    rating integer,
    address text,
    city character varying(150),
    state character varying(150),
    ordered integer,
    country character varying(150),
    pincode character varying(10),
    created_at timestamp with time zone NOT NULL,
    updated_at timestamp with time zone NOT NULL,
    number_of_templates integer,
    number_of_downloads integer,
    website character varying(200),
    contact_facebook character varying(200),
    contact_twitter character varying(200),
    number_of_gifts integer NOT NULL,
    approved boolean NOT NULL,
    pro boolean NOT NULL
);


ALTER TABLE public.users_customuser OWNER TO themezoz;

--
-- Name: users_customuser_groups; Type: TABLE; Schema: public; Owner: themezoz
--

CREATE TABLE public.users_customuser_groups (
    id bigint NOT NULL,
    customuser_id bigint NOT NULL,
    group_id integer NOT NULL
);


ALTER TABLE public.users_customuser_groups OWNER TO themezoz;

--
-- Name: users_customuser_groups_id_seq; Type: SEQUENCE; Schema: public; Owner: themezoz
--

ALTER TABLE public.users_customuser_groups ALTER COLUMN id ADD GENERATED BY DEFAULT AS IDENTITY (
    SEQUENCE NAME public.users_customuser_groups_id_seq
    START WITH 1
    INCREMENT BY 1
    NO MINVALUE
    NO MAXVALUE
    CACHE 1
);


--
-- Name: users_customuser_id_seq; Type: SEQUENCE; Schema: public; Owner: themezoz
--

ALTER TABLE public.users_customuser ALTER COLUMN id ADD GENERATED BY DEFAULT AS IDENTITY (
    SEQUENCE NAME public.users_customuser_id_seq
    START WITH 1
    INCREMENT BY 1
    NO MINVALUE
    NO MAXVALUE
    CACHE 1
);


--
-- Name: users_customuser_user_permissions; Type: TABLE; Schema: public; Owner: themezoz
--

CREATE TABLE public.users_customuser_user_permissions (
    id bigint NOT NULL,
    customuser_id bigint NOT NULL,
    permission_id integer NOT NULL
);


ALTER TABLE public.users_customuser_user_permissions OWNER TO themezoz;

--
-- Name: users_customuser_user_permissions_id_seq; Type: SEQUENCE; Schema: public; Owner: themezoz
--

ALTER TABLE public.users_customuser_user_permissions ALTER COLUMN id ADD GENERATED BY DEFAULT AS IDENTITY (
    SEQUENCE NAME public.users_customuser_user_permissions_id_seq
    START WITH 1
    INCREMENT BY 1
    NO MINVALUE
    NO MAXVALUE
    CACHE 1
);


--
-- Name: wishlist_likeitem; Type: TABLE; Schema: public; Owner: themezoz
--

CREATE TABLE public.wishlist_likeitem (
    id bigint NOT NULL,
    create_at timestamp with time zone NOT NULL,
    item_id bigint NOT NULL,
    user_id bigint NOT NULL
);


ALTER TABLE public.wishlist_likeitem OWNER TO themezoz;

--
-- Name: wishlist_likeitem_id_seq; Type: SEQUENCE; Schema: public; Owner: themezoz
--

ALTER TABLE public.wishlist_likeitem ALTER COLUMN id ADD GENERATED BY DEFAULT AS IDENTITY (
    SEQUENCE NAME public.wishlist_likeitem_id_seq
    START WITH 1
    INCREMENT BY 1
    NO MINVALUE
    NO MAXVALUE
    CACHE 1
);


--
-- Name: wishlist_wishlist; Type: TABLE; Schema: public; Owner: themezoz
--

CREATE TABLE public.wishlist_wishlist (
    id bigint NOT NULL,
    create_at timestamp with time zone NOT NULL,
    item_id bigint NOT NULL,
    user_id bigint NOT NULL
);


ALTER TABLE public.wishlist_wishlist OWNER TO themezoz;

--
-- Name: wishlist_wishlist_id_seq; Type: SEQUENCE; Schema: public; Owner: themezoz
--

ALTER TABLE public.wishlist_wishlist ALTER COLUMN id ADD GENERATED BY DEFAULT AS IDENTITY (
    SEQUENCE NAME public.wishlist_wishlist_id_seq
    START WITH 1
    INCREMENT BY 1
    NO MINVALUE
    NO MAXVALUE
    CACHE 1
);


--
-- Data for Name: account_emailaddress; Type: TABLE DATA; Schema: public; Owner: themezoz
--

COPY public.account_emailaddress (id, email, verified, "primary", user_id) FROM stdin;
1	hamzoooz123@gmail.com	t	t	7
\.


--
-- Data for Name: account_emailconfirmation; Type: TABLE DATA; Schema: public; Owner: themezoz
--

COPY public.account_emailconfirmation (id, created, sent, key, email_address_id) FROM stdin;
\.


--
-- Data for Name: auth_group; Type: TABLE DATA; Schema: public; Owner: themezoz
--

COPY public.auth_group (id, name) FROM stdin;
\.


--
-- Data for Name: auth_group_permissions; Type: TABLE DATA; Schema: public; Owner: themezoz
--

COPY public.auth_group_permissions (id, group_id, permission_id) FROM stdin;
\.


--
-- Data for Name: auth_permission; Type: TABLE DATA; Schema: public; Owner: themezoz
--

COPY public.auth_permission (id, name, content_type_id, codename) FROM stdin;
149	Can add contact_ us	8	add_contact_us
150	Can change contact_ us	8	change_contact_us
151	Can delete contact_ us	8	delete_contact_us
152	Can view contact_ us	8	view_contact_us
153	Can add item	9	add_item
154	Can change item	9	change_item
155	Can delete item	9	delete_item
156	Can view item	9	view_item
157	Can add social media	10	add_socialmedia
158	Can change social media	10	change_socialmedia
159	Can delete social media	10	delete_socialmedia
160	Can view social media	10	view_socialmedia
161	Can add subcategory	11	add_subcategory
162	Can change subcategory	11	change_subcategory
163	Can delete subcategory	11	delete_subcategory
164	Can view subcategory	11	view_subcategory
165	Can add my fav	12	add_myfav
166	Can change my fav	12	change_myfav
167	Can delete my fav	12	delete_myfav
168	Can view my fav	12	view_myfav
169	Can add custom user	13	add_customuser
170	Can change custom user	13	change_customuser
171	Can delete custom user	13	delete_customuser
172	Can view custom user	13	view_customuser
173	Can add cart	14	add_cart
174	Can change cart	14	change_cart
175	Can delete cart	14	delete_cart
176	Can view cart	14	view_cart
177	Can add order	15	add_order
178	Can change order	15	change_order
179	Can delete order	15	delete_order
180	Can view order	15	view_order
181	Can add order item	16	add_orderitem
182	Can change order item	16	change_orderitem
183	Can delete order item	16	delete_orderitem
184	Can view order item	16	view_orderitem
185	Can add wish list	17	add_wishlist
186	Can change wish list	17	change_wishlist
187	Can delete wish list	17	delete_wishlist
188	Can view wish list	17	view_wishlist
189	Can add like item	18	add_likeitem
190	Can change like item	18	change_likeitem
191	Can delete like item	18	delete_likeitem
192	Can view like item	18	view_likeitem
193	Can add rating system	19	add_ratingsystem
194	Can change rating system	19	change_ratingsystem
195	Can delete rating system	19	delete_ratingsystem
196	Can view rating system	19	view_ratingsystem
197	Can add slider home	20	add_sliderhome
198	Can change slider home	20	change_sliderhome
199	Can delete slider home	20	delete_sliderhome
200	Can view slider home	20	view_sliderhome
201	Can add email address	21	add_emailaddress
202	Can change email address	21	change_emailaddress
203	Can delete email address	21	delete_emailaddress
204	Can view email address	21	view_emailaddress
205	Can add email confirmation	22	add_emailconfirmation
206	Can change email confirmation	22	change_emailconfirmation
207	Can delete email confirmation	22	delete_emailconfirmation
208	Can view email confirmation	22	view_emailconfirmation
209	Can add social account	23	add_socialaccount
210	Can change social account	23	change_socialaccount
211	Can delete social account	23	delete_socialaccount
212	Can view social account	23	view_socialaccount
213	Can add social application	24	add_socialapp
214	Can change social application	24	change_socialapp
215	Can delete social application	24	delete_socialapp
216	Can view social application	24	view_socialapp
217	Can add social application token	25	add_socialtoken
218	Can change social application token	25	change_socialtoken
219	Can delete social application token	25	delete_socialtoken
220	Can view social application token	25	view_socialtoken
221	Can add site	26	add_site
222	Can change site	26	change_site
223	Can delete site	26	delete_site
224	Can view site	26	view_site
225	Can add article	27	add_article
226	Can change article	27	change_article
227	Can delete article	27	delete_article
228	Can view article	27	view_article
109	Can add profile	28	add_profile
110	Can change profile	28	change_profile
111	Can delete profile	28	delete_profile
112	Can view profile	28	view_profile
113	Can add comment	29	add_comment
114	Can change comment	29	change_comment
115	Can delete comment	29	delete_comment
116	Can view comment	29	view_comment
117	Can add category	30	add_category
118	Can change category	30	change_category
119	Can delete category	30	delete_category
120	Can view category	30	view_category
121	Can add tag	31	add_tag
122	Can change tag	31	change_tag
123	Can delete tag	31	delete_tag
124	Can view tag	31	view_tag
125	Can add tagged item	32	add_taggeditem
126	Can change tagged item	32	change_taggeditem
127	Can delete tagged item	32	delete_taggeditem
128	Can view tagged item	32	view_taggeditem
129	Can add application	33	add_application
130	Can change application	33	change_application
131	Can delete application	33	delete_application
132	Can view application	33	view_application
133	Can add access token	34	add_accesstoken
134	Can change access token	34	change_accesstoken
135	Can delete access token	34	delete_accesstoken
136	Can view access token	34	view_accesstoken
137	Can add grant	35	add_grant
138	Can change grant	35	change_grant
139	Can delete grant	35	delete_grant
140	Can view grant	35	view_grant
141	Can add refresh token	36	add_refreshtoken
142	Can change refresh token	36	change_refreshtoken
143	Can delete refresh token	36	delete_refreshtoken
144	Can view refresh token	36	view_refreshtoken
145	Can add id token	37	add_idtoken
146	Can change id token	37	change_idtoken
147	Can delete id token	37	delete_idtoken
148	Can view id token	37	view_idtoken
1	Can add log entry	1	add_logentry
2	Can change log entry	1	change_logentry
3	Can delete log entry	1	delete_logentry
4	Can view log entry	1	view_logentry
5	Can add permission	2	add_permission
6	Can change permission	2	change_permission
7	Can delete permission	2	delete_permission
8	Can view permission	2	view_permission
9	Can add group	3	add_group
10	Can change group	3	change_group
11	Can delete group	3	delete_group
12	Can view group	3	view_group
13	Can add content type	4	add_contenttype
14	Can change content type	4	change_contenttype
15	Can delete content type	4	delete_contenttype
16	Can view content type	4	view_contenttype
17	Can add session	5	add_session
18	Can change session	5	change_session
19	Can delete session	5	delete_session
20	Can view session	5	view_session
21	Can add category	6	add_category
22	Can change category	6	change_category
23	Can delete category	6	delete_category
24	Can view category	6	view_category
25	Can add collections	7	add_collections
26	Can change collections	7	change_collections
27	Can delete collections	7	delete_collections
28	Can view collections	7	view_collections
29	Can add item	8	add_item
30	Can change item	8	change_item
31	Can delete item	8	delete_item
32	Can view item	8	view_item
33	Can add subcategory	9	add_subcategory
34	Can change subcategory	9	change_subcategory
35	Can delete subcategory	9	delete_subcategory
36	Can view subcategory	9	view_subcategory
37	Can add my fav	10	add_myfav
38	Can change my fav	10	change_myfav
39	Can delete my fav	10	delete_myfav
40	Can view my fav	10	view_myfav
41	Can add custom user	11	add_customuser
42	Can change custom user	11	change_customuser
43	Can delete custom user	11	delete_customuser
44	Can view custom user	11	view_customuser
45	Can add cart	12	add_cart
46	Can change cart	12	change_cart
47	Can delete cart	12	delete_cart
48	Can view cart	12	view_cart
49	Can add order	13	add_order
50	Can change order	13	change_order
51	Can delete order	13	delete_order
52	Can view order	13	view_order
53	Can add order item	14	add_orderitem
54	Can change order item	14	change_orderitem
55	Can delete order item	14	delete_orderitem
56	Can view order item	14	view_orderitem
57	Can add wish list	15	add_wishlist
58	Can change wish list	15	change_wishlist
59	Can delete wish list	15	delete_wishlist
60	Can view wish list	15	view_wishlist
61	Can add rating system	16	add_ratingsystem
62	Can change rating system	16	change_ratingsystem
63	Can delete rating system	16	delete_ratingsystem
64	Can view rating system	16	view_ratingsystem
65	Can add email address	17	add_emailaddress
66	Can change email address	17	change_emailaddress
67	Can delete email address	17	delete_emailaddress
68	Can view email address	17	view_emailaddress
69	Can add email confirmation	18	add_emailconfirmation
70	Can change email confirmation	18	change_emailconfirmation
71	Can delete email confirmation	18	delete_emailconfirmation
72	Can view email confirmation	18	view_emailconfirmation
73	Can add social account	19	add_socialaccount
74	Can change social account	19	change_socialaccount
75	Can delete social account	19	delete_socialaccount
76	Can view social account	19	view_socialaccount
77	Can add social application	20	add_socialapp
78	Can change social application	20	change_socialapp
79	Can delete social application	20	delete_socialapp
80	Can view social application	20	view_socialapp
81	Can add social application token	21	add_socialtoken
82	Can change social application token	21	change_socialtoken
83	Can delete social application token	21	delete_socialtoken
84	Can view social application token	21	view_socialtoken
85	Can add site	22	add_site
86	Can change site	22	change_site
87	Can delete site	22	delete_site
88	Can view site	22	view_site
89	Can add social media	23	add_socialmedia
90	Can change social media	23	change_socialmedia
91	Can delete social media	23	delete_socialmedia
92	Can view social media	23	view_socialmedia
93	Can add contact_ us	24	add_contact_us
94	Can change contact_ us	24	change_contact_us
95	Can delete contact_ us	24	delete_contact_us
96	Can view contact_ us	24	view_contact_us
97	Can add like item	25	add_likeitem
98	Can change like item	25	change_likeitem
99	Can delete like item	25	delete_likeitem
100	Can view like item	25	view_likeitem
101	Can add lider home	26	add_liderhome
102	Can change lider home	26	change_liderhome
103	Can delete lider home	26	delete_liderhome
104	Can view lider home	26	view_liderhome
105	Can add slider home	26	add_sliderhome
106	Can change slider home	26	change_sliderhome
107	Can delete slider home	26	delete_sliderhome
108	Can view slider home	26	view_sliderhome
\.


--
-- Data for Name: blog_article; Type: TABLE DATA; Schema: public; Owner: themezoz
--

COPY public.blog_article (id, title, slug, image, image_credit, body, date_published, date_created, date_updated, status, views, count_words, read_time, deleted, author_id, category_id) FROM stdin;
\.


--
-- Data for Name: blog_category; Type: TABLE DATA; Schema: public; Owner: themezoz
--

COPY public.blog_category (id, name, slug, image, approved, date_created, date_updated) FROM stdin;
1	dashboards	dashboards	category_images/collections_of_dashboards_shift.jpg	t	2023-12-13 23:16:56.072264+00	2023-12-13 23:16:56.072283+00
\.


--
-- Data for Name: blog_comment; Type: TABLE DATA; Schema: public; Owner: themezoz
--

COPY public.blog_comment (id, name, email, comment, date_created, date_updated, approved, article_id) FROM stdin;
\.


--
-- Data for Name: blog_profile; Type: TABLE DATA; Schema: public; Owner: themezoz
--

COPY public.blog_profile (id, image, banner_image, job_title, bio, address, city, country, zip_code, twitter_url, instagram_url, facebook_url, github_url, email_confirmed, created_on, updated_on, user_id) FROM stdin;
2	profile-pic-default.jpg	slider-1.jpg							#	#	#	#	f	2023-12-09 18:17:57.791011+00	2023-12-09 18:17:57.818225+00	7
1	profile-pic-default.jpg	slider-1.jpg							#	#	#	#	f	2023-12-09 18:16:31.843012+00	2023-12-13 04:26:30.216357+00	6
\.


--
-- Data for Name: carts_cart; Type: TABLE DATA; Schema: public; Owner: themezoz
--

COPY public.carts_cart (id, create_at, qunatity, item_id, user_id) FROM stdin;
\.


--
-- Data for Name: carts_order; Type: TABLE DATA; Schema: public; Owner: themezoz
--

COPY public.carts_order (id, total_price, payment_id, stats, message, tracking_no, create_at, update_at, user_id) FROM stdin;
\.


--
-- Data for Name: carts_orderitem; Type: TABLE DATA; Schema: public; Owner: themezoz
--

COPY public.carts_orderitem (id, price, quantity, item_id, order_id) FROM stdin;
\.


--
-- Data for Name: core_category; Type: TABLE DATA; Schema: public; Owner: themezoz
--

COPY public.core_category (id, name, slug, image, description, status, trending, meta_title, meta_keywords, meta_description, number_of_views, number_of_likes, created_at, updated_at, created_by_id) FROM stdin;
1	Admin page  and Dashbord	admin_page	categories/dashboard.png	Discover an array of admin page and dashboard templates and themes. Empower your web projects with sleek, functional designs	f	t	Admin Page & Dashboard Templates | Premium Themes for Web Apps	Admin templates, dashboard themes, web application UI, backend design, admin panel templates, responsive dashboards	Enhance your web application with our admin page and dashboard templates. Explore stylish and functional themes designed to streamline your user inter	0	0	2023-10-24 14:37:58.29+00	2023-11-24 08:23:40.367+00	6
2	Ecommerce	ecommerce	categories/ecommerce.png	in this sections you well find all  you want to make you store	f	t	\N	\N	\N	0	0	2023-10-26 23:59:59.434+00	2023-11-24 08:23:40.576+00	6
3	Boostrap	Boostrap	categories/bootstrap_ECaG3NA.png		f	t	\N	\N	\N	0	0	2023-10-28 15:12:27.808+00	2023-11-24 08:23:40.912+00	6
4	Corporate	Corporate	default-pic-avatar.jpg		f	t	\N	\N	\N	0	0	2023-10-28 22:20:35.842+00	2023-11-24 08:23:41+00	6
5	Creative	Creative	default-pic-avatar.jpg		f	t	\N	\N	\N	0	0	2023-10-28 22:21:17.16+00	2023-11-24 08:23:41.142+00	6
6	Retail	Retail	default-pic-avatar.jpg		f	f	\N	\N	\N	0	0	2023-10-28 22:21:35.847+00	2023-11-24 08:23:41.244+00	6
7	Technology	Technology	default-pic-avatar.jpg		f	f	Technology	Technology	Technology	0	0	2023-10-28 22:22:28.128+00	2023-11-24 08:23:41.285+00	6
8	Personal	Personal	default-pic-avatar.jpg		f	f	\N	\N	\N	0	0	2023-10-28 22:22:44.615+00	2023-11-24 08:23:41.333+00	6
9	Specialty Pages	Specialty-Pages	default-pic-avatar.jpg		f	t	Specialty Pages	Specialty Pages	Specialty Pages	0	0	2023-10-28 22:23:16.906+00	2023-11-24 08:23:41.379+00	6
10	Entertainment	Entertainment	default-pic-avatar.jpg		f	t	Entertainment	Entertainment	Entertainment	0	0	2023-10-28 22:23:41.929+00	2023-11-24 08:23:41.449+00	6
11	Mobile	Mobile	default-pic-avatar.jpg		f	f	Mobile	Mobile	Mobile	0	0	2023-10-28 22:24:17.765+00	2023-11-24 08:23:41.634+00	6
12	Card	card-cat	categories/themezoz_-_bg_-_cards_bg_oOU3Zoy.png		f	t	\N	\N	\N	0	0	2023-11-01 05:45:36.801+00	2023-11-24 08:23:41.711+00	6
\.


--
-- Data for Name: core_category_collections; Type: TABLE DATA; Schema: public; Owner: themezoz
--

COPY public.core_category_collections (id, category_id, collections_id) FROM stdin;
1	1	1
2	2	1
3	3	1
4	3	2
5	4	6
6	5	6
7	6	6
8	7	6
9	8	6
10	9	6
11	10	6
12	11	6
13	12	1
14	12	2
15	12	3
16	12	4
17	12	5
18	12	6
19	12	7
\.


--
-- Data for Name: core_collections; Type: TABLE DATA; Schema: public; Owner: themezoz
--

COPY public.core_collections (id, name, slug, image_background, thumbnail_clooection, description, status, trending, number_of_views, number_of_likes, meta_title, meta_keywords, meta_description, created_at, updated_at, created_by_id) FROM stdin;
1	Templates	templates	categories/template_2usRAcN.png	categories/template_QQ9BUbD.png	Explore a diverse collection of HTML, CSS, and JS website templates and themes. Create stunning websites with ease	f	t	0	0	"HTML templates, CSS themes, JavaScript website templates, web design resources, ThemeForest alternatives, web development assets"	"HTML templates, CSS themes, JavaScript website templates, web design resources, ThemeForest alternatives, web development assets"	"HTML templates, CSS themes, JavaScript website templates, web design resources, ThemeForest alternatives, web development assets"	2023-10-24 14:33:29.704+00	2023-11-24 08:21:30.838+00	6
2	Boostrap	Boostrap	categories/bootstrap.png	categories/bootstrap_nsc7aAe.png		f	t	0	0	\N	\N	\N	2023-10-28 15:11:47.884+00	2023-11-24 08:21:30.908+00	6
3	Wordpress	Wordpress	categories/2869550-small.jpg	categories/2869550-small_BSlUejC.jpg		f	t	0	0	\N	\N	\N	2023-10-28 22:01:32.553+00	2023-11-24 08:21:30.987+00	6
4	Elementor	Elementor	categories/themezoz_-_Elementor.jpg	categories/themezoz_-_dashboard_2_.jpg		f	t	0	0	\N	\N	\N	2023-10-28 22:03:34.259+00	2023-11-24 08:21:31.086+00	6
5	Ecommerce	Ecommerce	categories/themezo_-_Ecommerce_.png	categories/themezoz_-_Ecommerce_icon.jpg		f	f	0	0	\N	\N	\N	2023-10-28 22:07:11.224+00	2023-11-24 08:21:31.288+00	6
6	HTML	html	categories/themezoz_-_html_-_back.jpg	categories/themezoz_-_html_.jpg		f	t	0	0	\N	\N	\N	2023-10-28 22:12:11.886+00	2023-11-24 08:21:31.336+00	6
7	Cards	Cards	categories/themezoz_-_bg_-_cards_bg.png	categories/img.icons8.png		f	t	0	0	\N	\N	\N	2023-11-01 05:42:43.045+00	2023-11-24 08:21:31.637+00	6
\.


--
-- Data for Name: core_contact_us; Type: TABLE DATA; Schema: public; Owner: themezoz
--

COPY public.core_contact_us (id, name, email, number, subject, message, create_at) FROM stdin;
\.


--
-- Data for Name: core_item; Type: TABLE DATA; Schema: public; Owner: themezoz
--

COPY public.core_item (id, title, long_title, file, url_download, url_download2, url_downloa3, url_gitgub, url_gitlab, url_index, url_readme, url_one_drive, url_google_drive, url_gitbuck_drive, demo, demo1, demo2, demo3, slug, theme_image, theme_image1, theme_image2, theme_image3, theme_image4, theme_image5, theme_image6, theme_image7, theme_image8, theme_image_url, theme_image_url_1, theme_image_url_2, theme_image_url_3, theme_image_url_4, theme_image_url_5, theme_image_url_6, theme_image_url_7, theme_image_url_8, theme_image_url_9, published_date, language, version, available, number_of_views, number_of_likes, small_description, description, "Features", how_to_use, number_of_downloads, number_pages, original_price, selling_price, size, status, trending, editors_choice, rating, tags, meta_title, meta_keywords, meta_description, created_at, updated_at, approved, user_id) FROM stdin;
1	StarAdmin	StarAdmin-Free-Bootstrap-Admin-Template-master		https://master.dl.sourceforge.net/project/staradmin-free-boot-at.mirror/2.0.0/2.0.0.zip?viasf=1	\N	\N	https://master.dl.sourceforge.net/project/staradmin-free-boot-at.mirror/2.0.0/2.0.0.zip?viasf=1	\N	\N	\N	\N	\N	\N	https://master.dl.sourceforge.net/project/staradmin-free-boot-at.mirror/2.0.0/2.0.0.zip?viasf=1	\N	\N	\N	StarAdmin	templates/images/screenshot.jpg									\N	\N	\N	\N	\N	\N	\N	\N	\N	\N	2023-10-24	en	1	publised	28	0					7	0	0	0	\N	f	t	t	0	\N	Admin Page Templates | Dashboard Design for Web Applications	Admin templates, dashboard design, web app admin, admin panel, backend templates, admin UI, responsive admin	Discover professional admin page templates to streamline your web application's backend. Our dashboard designs offer a clean and efficient user interf	2023-10-24 00:00:00+00	2023-11-24 08:17:54.419+00	t	6
10	adminlte	\N		https://github.com/themezoz/AdminLTE/archive/refs/heads/master.zip	\N	\N	\N	\N	\N	\N	\N	\N	\N	https://adminlte.io/themes/v3/	\N	\N	\N	AdminLTE	templates/images/themezoz_-_AdminLTE_.png	templates/images/themezoz_-_adminlte..png								\N	\N	\N	\N	\N	\N	\N	\N	\N	\N	2023-10-29	en	1	publised	18	0					1	0	0	0	\N	f	t	f	0	\N	\N	\N	\N	2023-10-28 22:34:47.368+00	2023-11-24 08:17:55.145+00	t	6
9	admin-adminkit	\N		https://github.com/themezoz/admin-adminkit/archive/refs/heads/dev.zip	\N	\N	\N	\N	\N	\N	\N	\N	\N	\N	https://demo.adminkit.io/	\N	\N	adminkit	templates/images/themezoz_-_adminkit_dashboard.png	templates/images/themezoz_-_adminkit_-_dark.png								\N	\N	\N	\N	\N	\N	\N	\N	\N	\N	2023-10-29	en	1	publised	15	0					0	0	0	0	\N	f	f	f	0	\N	\N	Dashboard Admin Page SiteToDownload Themes Templates Control Panel Customize Manage Download	admin html css js javascript	2023-10-28 21:57:48.073+00	2023-12-11 09:23:40.651689+00	f	6
12	adminpro	\N		\N	\N	\N	https://github.com/themezoz/adminpro/archive/refs/heads/master.zip	\N	\N	\N	\N	\N	\N	\N	https://colorlib.com/polygon/adminpro/index.html	\N	\N	adminpro	templates/images/themezoz_-_adminpro-index-html-2023-10-29-01_49_41.png									\N	\N	\N	\N	\N	\N	\N	\N	\N	\N	2023-10-29	en	1	publised	16	0					1	0	0	0	\N	f	t	f	0	\N	\N	\N	\N	2023-10-28 22:55:16.835+00	2023-12-09 23:20:32.335606+00	t	6
17	architecture-ui-admin-angular-pro	\N		\N	\N	\N	https://github.com/themezoz/architecture-ui-admin-angular-pro/archive/refs/heads/master.zip	\N	\N	\N	\N	\N	\N	\N	https://demo.dashboardpack.com/architectui-angular-pro/dashboards/analytics	\N	\N	architecture-ui-admin-angular-pro	templates/images/themezoz_-_architectui-angular-pro-dashboards.png									\N	\N	\N	\N	\N	\N	\N	\N	\N	\N	2023-10-29	en	1	publised	15	0					0	0	0	0	\N	f	t	f	0	\N	\N	\N	\N	2023-10-28 23:28:06.841+00	2023-12-09 23:54:16.694667+00	f	6
11	adminmart	\N		\N	\N	\N	https://github.com/themezoz/adminmart/archive/refs/heads/master.zip	\N	\N	\N	\N	\N	\N	\N	https://technext.github.io/adminmart/index.html	\N	\N	adminmart	templates/images/themezoz_adminmart.png									\N	\N	\N	\N	\N	\N	\N	\N	\N	\N	2023-10-29	en	1	publised	16	0					0	0	0	0	\N	f	t	f	0	\N	\N	\N	\N	2023-10-28 22:46:54.41+00	2023-12-13 22:45:21.800766+00	f	6
15	ample-admin	\N		\N	\N	\N	\N	https://github.com/themezoz/ample-admin-lite/archive/refs/heads/master.zip	\N	\N	\N	\N	\N	\N	https://demos.wrappixel.com/free-admin-templates/bootstrap/ample-bootstrap-free/html/index.html	\N	\N	ample-admin	templates/images/themezoz_-_ample-admin.png									\N	\N	\N	\N	\N	\N	\N	\N	\N	\N	2023-10-29	en	1	publised	10	0					0	0	0	0	\N	f	f	f	0	\N	\N	\N	\N	2023-10-28 23:13:35.93+00	2023-12-11 21:35:15.63118+00	f	6
5	Tabler	Tabler - dashbord admin		https://github.com/themezoz/tabler/archive/refs/heads/dev.zip	\N	\N	\N	\N	\N	\N	\N	\N	\N	https://preview.tabler.io/	\N	\N	\N	tabler-admin-page-dashbord	templates/images/tabler_6EZ33Su.png	templates/images/4-tabler_aAPWfLF.png								\N	\N	\N	\N	\N	\N	\N	\N	\N	\N	2023-10-28	en	1	publised	21	0					1	0	0	0	\N	f	t	f	0	\N	Control Panel | SiteToDownload - Themes & Templates	Dashboard Admin Page SiteToDownload Themes Templates Control Panel Customize Manage Download	"Effortlessly manage, customize, and control themes and templates with our user-friendly dashboard. SiteToDownload offers a comprehensive admin panel	2023-10-28 20:43:23.725+00	2023-12-10 15:50:51.877543+00	t	6
16	arbano	\N		\N	\N	\N	https://github.com/themezoz/arbano/archive/refs/heads/master.zip	\N	\N	\N	\N	\N	\N	https://htmlpreview.github.io/?https://github.com/themezoz/arbano/blob/master/index.html#/components/progressbars	https://vuejsadmin.com/product/arbano/	\N	\N	arbano	templates/images/themezoz_-_arbano.png									\N	\N	\N	\N	\N	\N	\N	\N	\N	\N	2023-10-29	en	1	publised	16	0					0	0	0	0	\N	f	f	f	0	\N	\N	\N	\N	2023-10-28 23:19:22.004+00	2023-12-12 03:56:21.329411+00	f	6
18	argon-dashboard	\N		\N	\N	\N	https://github.com/themezoz/vue-argon-dashboard/archive/refs/heads/main.zip	\N	\N	\N	\N	\N	\N	\N	https://demos.creative-tim.com/vue-argon-dashboard/#/	\N	\N	argon-dashboard	templates/images/themezoz_-_argon-dashboard.png	templates/images/themezoz_-_argon-dashboard_2.png								\N	\N	\N	\N	\N	\N	\N	\N	\N	\N	2023-10-29	en	1	publised	11	0					0	0	0	0	\N	f	t	f	0	\N	\N	\N	\N	2023-10-28 23:32:24.39+00	2023-12-10 17:28:01.627614+00	t	6
19	Atlantis-Lite	\N		\N	\N	\N	https://github.com/themezoz/Atlantis-Lite/archive/refs/heads/master.zip	\N	\N	\N	\N	\N	\N	https://themekita.com/demo-atlantis-lite-bootstrap/livepreview/examples/demo1/	https://themekita.com/demo-atlantis-lite-bootstrap/livepreview/examples/demo2/	\N	\N	atlantis-lite	templates/images/themezoz_-_Atlantis-Lite_2.png	templates/images/themezoz_-_Atlantis-Lite_1.png								\N	\N	\N	\N	\N	\N	\N	\N	\N	\N	2023-10-29	en	1	publised	14	0					0	0	0	0	\N	f	t	f	0	\N	\N	\N	\N	2023-10-28 23:38:05.513+00	2023-12-13 00:48:53.016635+00	t	6
14	AdminX	\N		\N	\N	\N	https://github.com/themezoz/AdminX/archive/refs/heads/master.zip	\N	\N	\N	\N	\N	\N	\N	https://themewagon.github.io/AdminX/	\N	\N	adminx	templates/images/themezoz_-_AdminX_.png									\N	\N	\N	\N	\N	\N	\N	\N	\N	\N	2023-10-29	en	1	publised	15	0					0	0	0	0	\N	f	f	f	0	\N	\N	\N	\N	2023-10-28 23:08:08.056+00	2023-12-11 14:09:47.013105+00	f	6
13	adminwrap	\N		\N	\N	\N	https://github.com/themezoz/adminwrap/archive/refs/heads/master.zip	\N	\N	\N	\N	\N	\N	\N	https://www.wrappixel.com/templates/adminwrap/#demos	\N	\N	adminwrap	templates/images/themezoz_-_adminwrap-bootstrap-package-main-index2-html-2023-10-29-01_58_57.png	templates/images/themezoz_adminwrap-bootstrap-package-dark-index3-html-2023-10-29-01_58_10.png								\N	\N	\N	\N	\N	\N	\N	\N	\N	\N	2023-10-29	en	1	publised	13	0					0	0	0	0	\N	f	t	f	0	\N	\N	\N	\N	2023-10-28 23:02:08.655+00	2023-12-10 17:25:09.080771+00	f	6
8	Admincast Admin	Admincast Admin		\N	https://github.com/themezoz/admincast/archive/refs/heads/main.zip	\N	\N	\N	\N	\N	\N	\N	\N	\N	https://themewagon.github.io/admincast/	\N	\N	admincast	templates/images/themezoz_admincast.png									\N	\N	\N	\N	\N	\N	\N	\N	\N	\N	2023-10-29	en	1	publised	20	0					0	0	0	0	\N	f	t	f	0	\N	\N	\N	\N	2023-10-28 21:40:27.733+00	2023-12-13 21:05:47.139831+00	f	6
7	Admin 4 P	\N		\N	\N	\N	\N	\N	\N	\N	\N	\N	\N	\N	https://themewagon.github.io/admin-4b/docs/index.html	\N	\N	admin-4-p	templates/images/themezoz_-_admin-4b.png									\N	\N	\N	\N	\N	\N	\N	\N	\N	\N	2023-10-29	en	1	publised	18	0					0	0	0	0	\N	f	f	f	0	\N	\N	\N	\N	2023-10-28 21:34:01.099+00	2023-12-11 20:44:02.546842+00	f	6
4	ablepro	ablepro Dashboard admin page control		https://github.com/themezoz/able-pro-free-admin-dashboard-template/archive/refs/heads/master.zip	\N	\N	\N	\N	\N	\N	\N	\N	\N	https://ableproadmin.com/bootstrap/free/dashboard/index.html	\N	\N	\N	ablepro	templates/images/themezoz-_ableproadmin_prF8Evy.png									\N	\N	\N	\N	\N	\N	\N	\N	\N	\N	2023-10-28	en	1	publised	25	0					3	0	0	0	\N	f	t	f	0	\N	\N	\N	\N	2023-10-28 20:43:10.848+00	2023-12-11 18:58:49.840455+00	f	6
30	coreui	coreui-free-bootstrap-admin-template		\N	\N	\N	https://github.com/themezoz/coreui-free-bootstrap-admin-template/archive/refs/heads/main.zip	\N	\N	\N	\N	\N	\N	\N	\N	https://htmlpreview.github.io/?https://github.com/themezoz/coreui-free-bootstrap-admin-template/blob/main/dist/index.html	https://coreui.io/demos/bootstrap/4.2/free/	coreui	templates/images/themezoz.com_themezoz.com_themezoz_dashboard_coreui-free-bootstrap-admi_pMdOrDL.png	templates/images/temezoz_-coreui-io-demos-bootstrap-5-0-light-2023-10-31-15_40_47.png								\N	\N	\N	\N	\N	\N	\N	\N	\N	\N	2023-10-31	en	1	publised	13	0					0	0	0	0	\N	f	f	t	0	\N	\N	\N	\N	2023-10-31 12:41:33.786+00	2023-11-24 08:17:56.524+00	f	6
32	darkpan	darkpan		\N	\N	\N	https://github.com/themezoz/darkpan/archive/refs/heads/main.zip	\N	\N	\N	\N	\N	\N	\N	https://themewagon.github.io/darkpan/	\N	\N	darkpan	templates/images/themezoz_-_darkpan.png									\N	\N	\N	\N	\N	\N	\N	\N	\N	\N	2023-10-31	en	1	publised	12	0					0	0	0	0	\N	f	t	f	0	\N	\N	\N	\N	2023-10-31 12:53:59.924+00	2023-11-24 08:17:56.717+00	f	6
33	dashmin	\N		\N	https://github.com/themezoz/dashmin/archive/refs/heads/main.zip	https://github.com/themezoz/dashmin	\N	\N	https://github.com/technext/dashmin/blob/main/index.html	\N	\N	\N	\N	\N	\N	https://themewagon.github.io/dashmin/	\N	dashmin	templates/images/themezoz_-_dashmin-2023-10-31-15_58_36.png									\N	\N	\N	\N	\N	\N	\N	\N	\N	\N	2023-10-31	en	1	publised	14	0					0	0	0	0	\N	f	t	t	0	\N	\N	\N	\N	2023-10-31 13:01:03.164+00	2023-11-24 08:17:56.765+00	f	6
27	cleopatra	\N		\N	\N	\N	https://github.com/themezoz/cleopatra/archive/refs/heads/master.zip	\N	\N	\N	\N	\N	\N	\N	https://moesaid.github.io/cleopatra/	\N	\N	cleopatra	templates/images/themezoz.com_-_admin_cleopatra.png									\N	\N	\N	\N	\N	\N	\N	\N	\N	\N	2023-10-31	en	1	publised	9	0					0	0	0	0	\N	f	t	f	0	\N	\N	\N	\N	2023-10-31 12:09:12.136+00	2023-12-09 23:14:11.218735+00	f	6
26	chameleon	chameleon-bootstrap-html-admin-template-free		\N	\N	\N	https://github.com/themezoz/chameleon-bootstrap-html-admin-template-free/archive/refs/heads/master.zip	\N	\N	\N	\N	\N	\N	\N	https://demos.themeselection.com/chameleon-free-bootstrap-admin-template/html/ltr/	\N	\N	chameleon	templates/images/themezoz_-_chameleon-free-bootstrap-admin-template.png									\N	\N	\N	\N	\N	\N	\N	\N	\N	\N	2023-10-29	en	1	publised	9	0					0	0	0	0	\N	f	f	f	0	\N	\N	\N	\N	2023-10-29 00:13:37.354+00	2023-12-13 10:52:57.667484+00	f	6
21	Ready-Bootstrap	Ready-Bootstrap-Dashboard		\N	\N	\N	https://github.com/themezoz/Ready-Bootstrap-Dashboard/archive/refs/heads/master.zip	\N	\N	\N	\N	\N	\N	\N	\N	https://themekita.com/demo-ready-bootstrap/	\N	ready-bootstrap	templates/images/themezoz_-_demo-ready-bootstrap.png									\N	\N	\N	\N	\N	\N	\N	\N	\N	\N	2023-10-29	en	1	publised	14	0					0	0	0	0	\N	f	t	f	0	\N	\N	\N	\N	2023-10-28 23:48:04.608+00	2023-12-11 10:56:50.353292+00	f	6
35	dashtreme-bootstrap	dashtreme-bootstrap		\N	\N	\N	https://github.com/themezoz/dashtreme-bootstrap/archive/refs/heads/master.zip	\N	\N	\N	\N	\N	\N	\N	https://themewagon.github.io/dashtreme/index.html	\N	\N	dashtreme-bootstrap	templates/images/themezoz_-_dashtreme-index-html-2023__1_I5vyRuG.png	templates/images/themezoz_-_dashtreme-2023-10-31-16_08_46_1_U3BqHhn.png								\N	\N	\N	\N	\N	\N	\N	\N	\N	\N	2023-10-31	en	1	publised	10	0					0	0	0	0	\N	f	f	f	0	\N	\N	\N	\N	2023-10-31 15:06:53.321+00	2023-12-10 17:24:01.475834+00	f	6
36	dashui-nextjs	dashui-free-nextjs-admin-template		\N	\N	\N	https://github.com/themezoz/dashui-free-nextjs-admin-template/archive/refs/heads/main.zip	\N	\N	\N	\N	\N	\N	\N	https://dashui-free-nextjs-admin-template.vercel.app	\N	\N	dashui-nextjs	templates/images/themezoz_-_dashui.png									\N	\N	\N	\N	\N	\N	\N	\N	\N	\N	2023-10-31	en	1	publised	11	0					0	0	0	0	\N	f	t	f	0	\N	\N	\N	\N	2023-10-31 15:18:47.701+00	2023-12-13 11:56:47.259952+00	f	6
23	bootadmin	\N		\N	\N	\N	https://github.com/themezoz/bootadmin/archive/refs/heads/master.zip	\N	\N	\N	\N	\N	\N	\N	https://bootadmin.org/	\N	\N	bootadmin	templates/images/themezoz_-_bootadmin.png									\N	\N	\N	\N	\N	\N	\N	\N	\N	\N	2023-10-29	en	1	publised	19	0					0	0	0	0	\N	f	t	t	0	\N	\N	\N	\N	2023-10-28 23:58:30.726+00	2023-12-10 17:27:27.06935+00	t	6
20	azzara	azzara-admin-dashboard-template		\N	\N	\N	https://github.com/themezoz/azzara-admin-dashboard-template/archive/refs/heads/master.zip	\N	\N	\N	\N	\N	\N	\N	https://themewagon.github.io/azzara/	\N	\N	azzara	templates/images/themezoz_-_azzara.png									\N	\N	\N	\N	\N	\N	\N	\N	\N	\N	2023-10-29	en	1	publised	11	0					0	0	0	0	\N	f	f	f	0	\N	\N	\N	\N	2023-10-28 23:44:26.361+00	2023-12-12 08:46:43.746988+00	t	6
25	celestialAdmin	celestialAdmin-free-admin-template		\N	\N	\N	https://github.com/themezoz/celestialAdmin-free-admin-template/archive/refs/heads/main.zip	\N	\N	\N	\N	\N	\N	\N	https://demo.bootstrapdash.com/celestial-free/template/index.html	\N	\N	celestialadmin	templates/images/themezoz_-_celestialAdmin.png									\N	\N	\N	\N	\N	\N	\N	\N	\N	\N	2023-10-29	en	1	publised	14	0					0	0	0	0	\N	f	t	f	0	\N	\N	\N	\N	2023-10-29 00:07:08.943+00	2023-12-12 01:17:25.06855+00	t	6
31	corona	corona-free-dark-bootstrap-admin-template		\N	\N	\N	https://github.com/themezoz/corona-free-dark-bootstrap-admin-template/archive/refs/heads/master.zip	\N	\N	\N	\N	\N	\N	\N	\N	https://demo.bootstrapdash.com/corona-free/jquery/template/index.html	https://htmlpreview.github.io/?https://github.com/themezoz/corona-free-dark-bootstrap-admin-template/blob/master/template/index.html	corona	templates/images/themezo_-__corona-free-dark-bootstrap-admin-template_.png									\N	\N	\N	\N	\N	\N	\N	\N	\N	\N	2023-10-31	en	1	publised	5	0					0	0	0	0	\N	f	f	f	0	\N	\N	\N	\N	2023-10-31 12:50:00.481+00	2023-12-10 20:22:20.598224+00	f	6
29	connect-plus	ConnectPlusAdmin-Free-Bootstrap-Admin-Template		\N	\N	\N	https://github.com/themezoz/ConnectPlusAdmin-Free-Bootstrap-Admin-Template/archive/refs/heads/master.zip	\N	\N	\N	\N	\N	\N	\N	\N	https://htmlpreview.github.io/?https://github.com/themezoz/ConnectPlusAdmin-Free-Bootstrap-Admin-Template/blob/master/template/index.html	https://themewagon.github.io/connect-plus/	connect-plus	templates/images/themezoz_-_Connect_PlusAdmi__.png									\N	\N	\N	\N	\N	\N	\N	\N	\N	\N	2023-10-31	en	1	publised	14	0					0	0	0	0	\N	f	f	f	0	\N	\N	\N	\N	2023-10-31 12:33:38.565+00	2023-12-11 06:20:33.637976+00	f	6
28	Concept	Concept  Free Bootstrap 5  HTML5 admin template		\N	\N	\N	https://github.com/themezoz/concept-admin-page/archive/refs/heads/master.zip	\N	\N	\N	\N	\N	\N	https://themewagon.github.io/concept/	https://colorlib.com/polygon/concept/index.html	\N	\N	concept	templates/images/themezoz_-_Concept_.png									\N	\N	\N	\N	\N	\N	\N	\N	\N	\N	2023-10-31	en	1	publised	12	0					0	0	0	0	\N	f	t	f	0	\N	admin dashbord adminpage border	Dashboard Admin Page SiteToDownload Themes Templates Control Panel Customize Manage Download	"Effortlessly manage, customize, and control themes and templates with our user-friendly dashboard. SiteToDownload offers a comprehensive admin panel	2023-10-31 12:24:41.249+00	2023-12-11 12:27:38.632342+00	f	6
24	Breeze	Breeze-Free-Bootstrap-Admin-Template		\N	\N	\N	https://github.com/themezoz/Breeze-Free-Bootstrap-Admin-Template/archive/refs/heads/master.zip	\N	\N	\N	\N	\N	\N	\N	http://httpsdemo.bootstrapdash.combreeze-freetemplateindex.html	\N	\N	breeze	templates/images/themezoz_-_bootstrapdash.png									\N	\N	\N	\N	\N	\N	\N	\N	\N	\N	2023-10-29	en	1	publised	12	0					0	0	0	0	\N	f	t	f	0	\N	\N	\N	\N	2023-10-29 00:02:05.322+00	2023-12-11 20:07:34.373118+00	t	6
22	black-dashboard	black-dashboard		\N	\N	\N	https://github.com/themezoz/black-dashboard/archive/refs/heads/master.zip	\N	\N	\N	\N	\N	\N	\N	https://demos.creative-tim.com/black-dashboard/examples/dashboard.html?_ga=2.12604343.1619714428.1698535779-897679701.1698535779	\N	\N	black-dashboard	templates/images/themezoz_-_black-dashboard_.png									\N	\N	\N	\N	\N	\N	\N	\N	\N	\N	2023-10-29	en	1	publised	14	0					0	0	0	0	\N	f	t	f	0	\N	\N	\N	\N	2023-10-28 23:53:22.639+00	2023-12-12 09:09:49.102421+00	t	6
39	deskapp	\N		\N	\N	\N	https://github.com/themezoz/deskapp/archive/refs/heads/master.zip	\N	https://github.com/themezoz/deskapp/blob/master/index.html	\N	\N	\N	\N	\N	\N	https://dropways.github.io/deskapp/	https://deskapp-dashboard.herokuapp.com/	deskapp	templates/images/themezoz_-_io-deskapp-2023-10-31-18_27_30.png									\N	\N	\N	\N	\N	\N	\N	\N	\N	\N	2023-10-31	en	1	publised	11	0					0	0	0	0	\N	f	f	f	0	\N	\N	\N	\N	2023-10-31 15:33:28.571+00	2023-11-24 08:17:57.185+00	f	6
44	Elite Admin Lite	Elite Admin Lite Angular - dashbord admin		\N	\N	\N	https://github.com/themezoz/eliteadminlite/archive/refs/heads/master.zip	\N	\N	https://github.com/themezoz/eliteadminlite/blob/master/README.md	\N	\N	\N	\N	https://demos.wrappixel.com/free-admin-templates/angular/elite-angular-free/angular/dashboard	\N	\N	elite-admin-lite	templates/images/themezoz__-_admin-templates-angular-elite-angular-free-angular-dashboar_2ehe53d.png									\N	\N	\N	\N	\N	\N	\N	\N	\N	\N	2023-11-01	en	1	publised	15	0		<p>Elite Admin Lite is basic yet very useful angular dashbaord template for your projects.If you are looking for modern yet clean admin template for your backend project. Elite Admin is the right choice for you. If your application requires more options. We like to suggest you the pro version.</p>	<h3>Key Features</h3>\r\n\r\n<ul>\r\n\t<li><strong>Angular 8</strong></li>\r\n\t<li>Clean and minimal design</li>\r\n\t<li>Cross-browser compatibility</li>\r\n\t<li>Fully responsive</li>\r\n\t<li><strong>Drop-down menu</strong></li>\r\n\t<li>Custom scrollbar</li>\r\n\t<li>Alerts and Carousels</li>\r\n\t<li><strong>Modals and Tables</strong></li>\r\n\t<li>Popover &amp; Tooltip</li>\r\n\t<li>Progressbar</li>\r\n\t<li>Pagination UI</li>\r\n\t<li><strong>UI components</strong></li>\r\n\t<li>Timepickers</li>\r\n\t<li>Buttons and Cards</li>\r\n\t<li><strong>Font Icons</strong></li>\r\n</ul>\r\n\r\n<p>&nbsp;</p>\r\n\r\n<h3>In The Box</h3>\r\n\r\n<ul>\r\n\t<li>All demo images</li>\r\n\t<li>3 HTML files</li>\r\n\t<li>CSS &amp; SCSS files</li>\r\n\t<li>Library and plugin files</li>\r\n</ul>		0	0	0	0	\N	f	t	t	0	\N	\N	\N	\N	2023-11-01 15:16:10.249+00	2023-11-24 08:17:57.642+00	f	6
57	light-dashboard	\N		\N	\N	\N	https://github.com/themezoz/light-bootstrap-dashboard/archive/refs/heads/master.zip	\N	https://github.com/themezoz/light-bootstrap-dashboard/blob/master/examples/dashboard.html	https://github.com/themezoz/light-bootstrap-dashboard/blob/master/README.md	\N	https://drive.google.com/file/d/1H4Bi8AsO4CObH7KC2-E1cuAaSicHvypa/view?usp=drive_link	\N	\N	https://demos.creative-tim.com/light-bootstrap-dashboard/examples/dashboard.html?ref=github-repo	\N	\N	light-dashboard	templates/images/ight-bootstrap-dashboard_themezoz_.png									\N	\N	\N	\N	\N	\N	\N	\N	\N	\N	2023-11-02	en	1	publised	15	0					0	0	0	0	\N	f	f	f	0	\N	\N	\N	\N	2023-11-02 12:59:12.607+00	2023-11-24 08:17:58.472+00	f	6
41	elaadmin-laravel	\N		\N	\N	\N	https://github.com/themezoz/ElaAdmin-for-Laravel/archive/refs/heads/master.zip	\N	\N	https://github.com/themezoz/ElaAdmin-for-Laravel/blob/master/README.md	\N	\N	\N	\N	https://colorlib.com/polygon/elaadmin/index.html	\N	\N	elaadmin-laravel	templates/images/themezoz_-_elaadmin-index-html-2023-11-01-17_34_53_XpWRPoR.png									\N	\N	\N	\N	\N	\N	\N	\N	\N	\N	2023-11-01	en	1	publised	12	0					0	0	0	0	\N	f	f	f	0	\N	\N	\N	\N	2023-11-01 14:40:26.256+00	2023-12-09 23:42:52.587447+00	f	6
38	dashui-free-larvel	dashui-free-larvel-admin-template		\N	\N	\N	https://github.com/themezoz/dashui-larevl/archive/refs/heads/navbarunderline.zip	\N	\N	\N	\N	\N	\N	\N	https://dashui-free-nextjs-admin-template.vercel.app/	\N	\N	dashui-free-larvel	templates/images/themezoz_-_dashui_Tf6DBxi.png									\N	\N	\N	\N	\N	\N	\N	\N	\N	\N	2023-10-31	en	1	publised	6	0					0	0	0	0	\N	f	f	f	0	\N	\N	\N	\N	2023-10-31 15:23:31.091+00	2023-12-09 23:46:40.052721+00	f	6
42	elegant dashboard	elegant dashboard		\N	\N	\N	https://github.com/themezoz/elegant/archive/refs/heads/main.zip	\N	https://github.com/themezoz/elegant/blob/main/index.html	https://github.com/themezoz/elegant/blob/main/README.md	\N	\N	\N	\N	https://themewagon.github.io/elegant/	\N	\N	elegant-dashboard	templates/images/themezoz_-_elegant-2023-11-01-17_56_06_1.png	templates/images/themezoz_-_elegant-2023-11-01-17_56_06_2.png								\N	\N	\N	\N	\N	\N	\N	\N	\N	\N	2023-11-01	en	1	publised	19	0					0	0	\N	\N	\N	f	f	f	0	\N	\N	\N	\N	2023-11-01 14:58:24.741+00	2023-12-13 23:27:13.611828+00	t	6
37	dashui-templatte	dashui-free-admin-template		\N	\N	\N	https://github.com/themezoz/dashui-free-nextjs-admin-template/archive/refs/heads/main.zip	\N	\N	\N	\N	\N	\N	\N	https://dashui-free-nextjs-admin-template.vercel.app/	\N	\N	dashui-templatte	templates/images/themezoz_-_dashui_E4WXU36.png									\N	\N	\N	\N	\N	\N	\N	\N	\N	\N	2023-10-31	en	1	publised	12	0					0	0	0	0	\N	f	t	f	0	\N	\N	\N	\N	2023-10-31 15:20:24.097+00	2023-12-13 14:49:36.580569+00	f	6
43	elegant admin lite	elegantadminlite dashboard admin page elegant admin lite		\N	\N	\N	https://github.com/themezoz/elegantadminlite/archive/refs/heads/master.zip	\N	https://github.com/themezoz/elegantadminlite/blob/master/index.html	https://github.com/themezoz/elegantadminlite/blob/master/README.md	\N	\N	\N	\N	\N	https://demos.wrappixel.com/free-admin-templates/bootstrap/elegant-bootstrap-free/html/index.html	\N	elegant-admin-lite	templates/images/themezoz_elegant-bootstrap-free-html-index-html-2023-11-01-18_01_43.png									\N	\N	\N	\N	\N	\N	\N	\N	\N	\N	2023-11-01	en	1	publised	13	0					0	0	0	0	\N	f	f	f	0	\N	\N	\N	\N	2023-11-01 15:06:04.189+00	2023-12-13 19:45:43.654494+00	f	6
46	focus-2-admin	focus-2-admin-dashboard		\N	\N	\N	https://github.com/themezoz/focus-2-admin-dashboard/archive/refs/heads/main.zip	\N	\N	\N	https://drive.google.com/file/d/16bZAkrPgP7ANauPvrpKXqCiELBVqXrkm/view?usp=drive_link	\N	\N	\N	https://themewagon.github.io/focus-2/index.html	\N	\N	focus-2-admin	templates/images/themezoz__-_focus-2_admin_page_dashboard.png									\N	\N	\N	\N	\N	\N	\N	\N	\N	\N	2023-11-02	en	1	publised	10	0		<p>Focus is a&nbsp;<a href="https://themewagon.com/theme_tag/free/" rel="noopener" target="_blank">free</a>&nbsp;Bootstrap 4 admin dashboard website template. This template will be the perfect solution if you are looking for a backend dashboard or an&nbsp;<a href="https://themewagon.com/theme-categories/admin-dashboard/" rel="noopener" target="_blank">admin dashboard</a>. It developed with a clean and simple design and also got many effective features. Moreover, this fantastic dashboard is 100% responsive and highly well crafted with all the latest retina screens and devices. While exploring you will understand it&rsquo;s not just a dashboard, it&rsquo;s a fully functional management platform.</p>\r\n\r\n<h4>Free Bootstrap 4 HTML5 Admin Dashboard Website Template</h4>\r\n\r\n<p>Focus offers two types of admin dashboards, and they are totally unique from one another. It also includes some awesome features like a&nbsp;<strong>collapsible navigation bar, sticky top navigation bar, various types of charts, bootstrap components, widgets, forms, authentication pages, error pages</strong>, and more. This dashboard template comes with all of the functionality you&rsquo;ll need to get your web project off the ground. You can also customize it without any difficulties with its&nbsp;<strong>well-structured code</strong>. So hurry up and download Focus to strike online using the most cutting-edge technologies.</p>	<h3>Key Features</h3>\r\n\r\n<ul>\r\n\t<li><strong>Bootstrap 4</strong></li>\r\n\t<li>HTML5 &amp; CSS</li>\r\n\t<li>100% responsive</li>\r\n\t<li>Cross-browser compatibility</li>\r\n\t<li>Multi-page design</li>\r\n\t<li>On hover effects</li>\r\n\t<li>Collapsible navigation bar</li>\r\n\t<li>Drop-down menu</li>\r\n\t<li><strong>Two dashboards</strong></li>\r\n\t<li>Mailbox</li>\r\n\t<li><strong>Huge collection of charts</strong></li>\r\n\t<li>Bootstrap components</li>\r\n\t<li>Plugins</li>\r\n\t<li>Widgets</li>\r\n\t<li>Different types of forms</li>\r\n\t<li>Several tables</li>\r\n\t<li>Authentication pages</li>\r\n\t<li>Error pages</li>\r\n\t<li>Search box</li>\r\n\t<li><strong>Owl carousels</strong></li>\r\n\t<li>Font awesome</li>\r\n\t<li>Google fonts</li>\r\n</ul>\r\n\r\n<p>&nbsp;</p>\r\n\r\n<h3>In the box</h3>\r\n\r\n<ul>\r\n\t<li>All demo images</li>\r\n\t<li>55 HTML files</li>\r\n\t<li>JavaScript source files</li>\r\n\t<li>Library and plugin files</li>\r\n</ul>		0	0	0	0	\N	f	f	f	0	\N	\N	\N	\N	2023-11-02 09:00:00.617+00	2023-11-24 08:17:57.785+00	f	6
48	gradient-able-bsp4-lite	gradient-able-bsp4-lite - dashbord admin		\N	\N	\N	https://github.com/themezoz/gradient-able-bsp4-lite/archive/refs/heads/master.zip	\N	https://github.com/themezoz/gradient-able-bsp4-lite/blob/master/index.html	https://github.com/themezoz/gradient-able-bsp4-lite/blob/master/README.md	\N	https://drive.google.com/file/d/1JcYrokMg0FY8ybvdRoHumkPO370DJQx-/view?usp=drive_link	\N	\N	https://usebootstrap.com/preview/gradient-able-bsp4-lite	\N	\N	gradient-able-bsp4-lite	templates/images/temezoz__-_gradient-able-bsp4-lite-2023-11-02-12_10_49.png									\N	\N	\N	\N	\N	\N	\N	\N	\N	\N	2023-11-02	en	1	publised	7	0					0	0	0	0	\N	f	f	f	0	\N	\N	\N	\N	2023-11-02 09:14:37.84+00	2023-11-24 08:17:57.879+00	f	6
54	kiaalap-dashboard	\N		\N	\N	\N	https://github.com/themezoz/kiaalap-dashboard/archive/refs/heads/master.zip	\N	https://github.com/themezoz/kiaalap-dashboard/blob/master/index.html	https://github.com/themezoz/kiaalap-dashboard/blob/master/README.md	\N	https://drive.google.com/file/d/1awA908IPJ1teIhQh7YHXR9fT17x73U4Y/view?usp=drive_link	\N	\N	https://colorlib.com/polygon/kiaalap/index.html	\N	\N	kiaalap-dashboard	templates/images/themezoz_kiaalap-index-html-2023-11-02-15_23_48.png									\N	\N	\N	\N	\N	\N	\N	\N	\N	\N	2023-11-02	en	1	publised	15	0					0	0	0	0	\N	f	f	f	0	\N	\N	\N	\N	2023-11-02 12:26:58.896+00	2023-12-09 22:17:50.826038+00	f	6
53	Jewelery-Template-django	Jewelery-Template-django Dashboard admin page control		\N	\N	\N	https://github.com/themezoz/Jewelery-Template-django/archive/refs/heads/master.zip	\N	https://github.com/themezoz/Jewelery-Template-django/blob/master/index.html	\N	\N	https://drive.google.com/file/d/1Dw1SnlVhcueHYacVkuUEds-rbeZIUPZW/view?usp=drive_link	\N	\N	\N	https://htmlpreview.github.io/?https://github.com/themezoz/jeweler-dashboard/blob/master/index.html	\N	jewelery-template-django	templates/images/themezoz_collections-offline-jeweler-master-index-html-2023-11-02-14_48_4SsMdhQ.png									\N	\N	\N	\N	\N	\N	\N	\N	\N	\N	2023-11-02	en	1	publised	13	0					0	0	0	0	\N	f	f	f	0	\N	\N	\N	\N	2023-11-02 12:19:00.332+00	2023-12-10 17:21:37.465355+00	f	6
47	gentela-gh-pages	\N		\N	\N	\N	https://github.com/themezoz/gentela-gh-pages/archive/refs/heads/main.zip	\N	https://github.com/themezoz/gentela-gh-pages/blob/main/production/index.html	https://github.com/themezoz/gentela-gh-pages/blob/main/README.md	\N	https://drive.google.com/file/d/1Y6mQzDdWDEJlIce904W7HMiIstpCHiFM/view?usp=drive_link	\N	\N	https://colorlib.com/polygon/gentelella/index.html	\N	\N	gentela-gh-pages	templates/images/themezoz_-_gentelella.png									\N	\N	\N	\N	\N	\N	\N	\N	\N	\N	2023-11-02	en	1	publised	14	0					0	0	0	0	\N	f	f	f	0	\N	\N	\N	\N	2023-11-02 09:08:51.686+00	2023-12-10 04:47:49.763175+00	f	6
51	dashboard-guru-able	dashboard-guru-able		\N	\N	\N	https://github.com/themezoz/template-dashboard-guru-able/archive/refs/heads/master.zip	\N	https://github.com/themezoz/template-dashboard-guru-able/blob/master/index.html	\N	\N	https://drive.google.com/file/d/1mSBzzBqb3TVY2AnzxGGygHdCyCBhCwkW/view?usp=drive_link	\N	\N	https://technext.github.io/guruable/index.html	\N	\N	dashboard-guru-able	templates/images/themezo_-_guru-able-angular-default-dashboard-2023-11-02-12_38_43_NFlHoub.png									\N	\N	\N	\N	\N	\N	\N	\N	\N	\N	2023-11-02	en	1	publised	9	0					0	0	0	0	\N	f	f	f	0	\N	\N	\N	\N	2023-11-02 09:46:56.821+00	2023-12-10 17:27:44.036002+00	f	6
52	jeweler Dashboard	jeweler Dashboard admin page		\N	\N	\N	https://github.com/themezoz/jeweler-dashboard/archive/refs/heads/master.zip	\N	https://github.com/themezoz/jeweler-dashboard/blob/master/index.html	\N	\N	https://drive.google.com/file/d/1Dw1SnlVhcueHYacVkuUEds-rbeZIUPZW/view?usp=drive_link	\N	\N	https://htmlpreview.github.io/?https://github.com/themezoz/jeweler-dashboard/blob/master/index.html	\N	\N	jeweler-dashboard	templates/images/themezoz_collections-offline-jeweler-master-index-html-2023-11-02-14_48_34.png									\N	\N	\N	\N	\N	\N	\N	\N	\N	\N	2023-11-02	en	1	publised	13	0					0	0	0	0	\N	f	f	f	0	\N	\N	\N	\N	2023-11-02 12:08:16.016+00	2023-12-11 07:48:52.62252+00	f	6
50	guruable2-angular	guru-able-free-angular-admin-template		\N	\N	\N	https://github.com/themezoz/guruable2/archive/refs/heads/main.zip	\N	https://github.com/angcuhoe/guruable2/blob/main/index.html	https://github.com/themezoz/guruable2/tree/main#readme	\N	https://drive.google.com/file/d/1NGjYvm700rT10vnsFvd6b5JJ9lpY1r1c/view?usp=drive_link	\N	\N	https://technext.github.io/guruable/index.html	\N	https://htmlpreview.github.io/?https://github.com/themezoz/guruable2/blob/main/index.html	guruable2	templates/images/themezo_-_guru-able-angular-default-dashboard-2023-11-02-12_38_43.png									\N	\N	\N	\N	\N	\N	\N	\N	\N	\N	2023-11-02	en	1	publised	12	0					0	0	0	0	\N	f	f	f	0	\N	\N	\N	\N	2023-11-02 09:42:27.256+00	2023-12-11 18:33:16.351635+00	f	6
49	Graindashboard - larvel	\N		\N	\N	\N	https://github.com/themezoz/Graindashboard/archive/refs/heads/master.zip	\N	https://github.com/themezoz/Graindashboard/blob/master/index.html	https://github.com/themezoz/Graindashboard/blob/master/readme.md	\N	https://drive.google.com/file/d/1qpxChD_sChsPhPXyCrOWcjeYW6GdcHZ7/view?usp=drive_link	\N	\N	https://htmlpreview.github.io/?https://github.com/themezoz/Graindashboard/blob/master/index.html	\N	\N	graindashboard-larvel	templates/images/graindashboard-2.jpg									\N	\N	\N	\N	\N	\N	\N	\N	\N	\N	2023-11-02	en	1	publised	14	0					0	0	0	0	\N	f	f	f	0	\N	\N	\N	\N	2023-11-02 09:24:45.735+00	2023-12-12 12:23:28.665028+00	f	6
34	dashtreme-laravel	\N		\N	https://github.com/themezoz/dashtreme/archive/refs/heads/master.zip	\N	https://github.com/themezoz/dashtreme	\N	\N	\N	\N	\N	\N	\N	https://themewagon.github.io/dashtreme/	\N	\N	dashtreme	templates/images/themezoz_-_dashtreme-index-html-2023__1.png	templates/images/themezoz_-_dashtreme-2023-10-31-16_08_46_1.png								\N	\N	\N	\N	\N	\N	\N	\N	\N	\N	2023-10-31	en	1	publised	11	0					0	0	0	0	\N	f	f	f	0	\N	\N	\N	\N	2023-10-31 14:57:31.378+00	2023-12-09 19:27:48.435111+00	t	6
58	light-dashboard-vue	\N		\N	\N	\N	https://github.com/themezoz/vue-light-bootstrap-dashboard/archive/refs/heads/master.zip	\N	\N	https://github.com/themezoz/vue-light-bootstrap-dashboard/blob/master/README.md	\N	\N	\N	https://demos.creative-tim.com/vue-light-bootstrap-dashboard/#/admin/overview	https://demos.creative-tim.com/light-bootstrap-dashboard/examples/dashboard.html?ref=github-repo	\N	\N	light-dashboard-vue	templates/images/vue-light-bootstrap-dashboard_themezoz_.png									\N	\N	\N	\N	\N	\N	\N	\N	\N	\N	2023-11-02	en	1	publised	15	0					0	0	0	0	\N	f	f	f	0	\N	\N	\N	\N	2023-11-02 13:02:13.416+00	2023-12-09 20:55:49.26217+00	f	6
59	light-dashboard-angular	\N		\N	\N	\N	https://github.com/themezoz/light-bootstrap-dashboard-angular2/archive/refs/heads/master.zip	\N	\N	https://github.com/themezoz/light-bootstrap-dashboard-angular2/blob/master/README.md	\N	\N	\N	\N	https://demos.creative-tim.com/light-bootstrap-dashboard/examples/dashboard.html?ref=github-repo	\N	\N	light-dashboard-angular	templates/images/ight-bootstrap-dashboard_themezoz__GTIcppu.png									\N	\N	\N	\N	\N	\N	\N	\N	\N	\N	2023-11-02	en	1	publised	17	0					0	0	0	0	\N	f	f	f	0	\N	\N	\N	\N	2023-11-02 13:03:55.414+00	2023-12-12 04:21:44.220967+00	f	6
61	majestic-Dashcoard	\N		\N	\N	\N	https://github.com/themezoz/majestic-dashboard/archive/refs/heads/master.zip	\N	https://github.com/themezoz/majestic-dashboard/blob/master/index.html	https://github.com/themezoz/majestic-dashboard/blob/master/README.md	\N	https://drive.google.com/file/d/18u66Sz2F3ibtyuI_fagTj5Ue3EViKujk/view?usp=drive_link	\N	https://themewagon.github.io/majestic/	\N	\N	\N	majestic-dashcoard	templates/images/themezoz_majestic-2023-11-04-16_07_48.png									\N	\N	\N	\N	\N	\N	\N	\N	\N	\N	2023-11-04	en	1	publised	15	0		<p>Majestic Admin is a free Bootstrap&nbsp;<a href="https://themewagon.com/theme-categories/admin-dashboard/" rel="noopener" target="_blank">admin dashboard template</a>. It is simple yet powerful and built with the latest&nbsp;<a href="https://themewagon.com/theme_tag/bootstrap-4-templates/" rel="noopener" target="_blank">Bootstrap 4</a>&nbsp;framework, SAAS, jQuery, HTML5, and CSS3. Moreover, It best suits website backend, web app, and admin panels. It is highly&nbsp;<strong>responsiveness</strong>&nbsp;and looks perfect on any device whether it is mobile or desktop.</p>\r\n\r\n<h4>Free HTML5 Bootstrap 4 Admin Dashboard Template</h4>\r\n\r\n<p>Besides, essential features like&nbsp;<strong>charts, tables, user pages, custom UI elements and forms</strong>&nbsp;are available with this template. Creation and customization are very simpler with Majestic Admin. A clean and well-managed code inside the box will make it easy to build even for beginners. Create and get a stunning project with Majestic Admin.</p>\r\n\r\n<p>&nbsp;</p>	<h3>Key Features</h3>\r\n\r\n<ul>\r\n\t<li><strong>Bootstrap</strong>&nbsp;v4.1.3</li>\r\n\t<li>Clean and simple design</li>\r\n\t<li><strong>Drop-down menu</strong></li>\r\n\t<li>Sidebar navigation</li>\r\n\t<li>Sticky top bar</li>\r\n\t<li>Custom forms</li>\r\n\t<li>Tabbed contents</li>\r\n\t<li><strong>Line, bar, area, doughnut, pie, scatter charts</strong></li>\r\n\t<li>Basic and custom table</li>\r\n\t<li>Hundreds of icon fonts</li>\r\n\t<li>Breadcrumbs</li>\r\n\t<li><strong>5 user authenticating pages</strong></li>\r\n\t<li>Extensive documentation</li>\r\n</ul>\r\n\r\n<p>&nbsp;</p>\r\n\r\n<h2>In The Box</h2>\r\n\r\n<ul>\r\n\t<li>All demo images</li>\r\n\t<li>1 HTML file</li>\r\n\t<li>Gulp file</li>\r\n\t<li>CSS &amp; SCSS files</li>\r\n\t<li>JavaScript source files</li>\r\n\t<li>Library and plugin files</li>\r\n\t<li>Font Icons</li>\r\n\t<li>Documentation</li>\r\n</ul>		0	0	0	0	\N	f	f	f	0	\N	\N	\N	\N	2023-11-04 13:12:21.337+00	2023-12-09 22:07:20.611579+00	f	6
40	elaadmin - Dashboard	\N		\N	\N	\N	https://github.com/themezoz/Elaadmin-Frontend/archive/refs/heads/main.zip	\N	https://github.com/themezoz/Elaadmin-Frontend/blob/main/index.html	https://github.com/themezoz/Elaadmin-Frontend/blob/main/README.md	\N	\N	\N	\N	https://colorlib.com/polygon/elaadmin/index.html	\N	\N	elaadmin-dashboard	templates/images/themezoz_-_elaadmin-index-html-2023-11-01-17_34_53.png									\N	\N	\N	\N	\N	\N	\N	\N	\N	\N	2023-11-01	en	1	publised	13	0					0	0	0	0	\N	f	t	f	0	\N	\N	\N	Free Bootstrap Admin & Dashboard Template themezoz.com #themezoz.com #themezoz #dashboard #admin #control #bootstrap #Html #CSS #JavaScript #Frontend	2023-11-01 14:38:32.633+00	2023-12-09 23:18:33.71911+00	f	6
60	light-blue-dashboard	\N		\N	\N	\N	https://github.com/themezoz/light-blue-dashboard/archive/refs/heads/master.zip	\N	\N	\N	\N	\N	\N	\N	https://templates-flatlogic.herokuapp.com/light-blue/html5/dashboard/	\N	\N	light-blue-dashboard	templates/images/themezoz_-_themezoz.com_light-blue-html5-dashboard-2023-11-04-15_49_15.png									\N	\N	\N	\N	\N	\N	\N	\N	\N	\N	2023-11-04	en	1	publised	17	0					0	0	0	0	\N	f	f	t	0	\N	\N	\N	\N	2023-11-04 13:01:59.07+00	2023-12-10 08:39:42.69173+00	f	6
45	flat-able-lite	flat-able-lite  Dashboard admin page control flat able lite		\N	\N	\N	https://github.com/themezoz/flat-able-lite/archive/refs/heads/main.zip	\N	\N	\N	\N	\N	\N	\N	https://themewagon.github.io/flat_able/	\N	\N	flat-able-lite	templates/images/themezoz_-_flat-able-2023-11-01-18_24_11.png									\N	\N	\N	\N	\N	\N	\N	\N	\N	\N	2023-11-01	en	1	publised	9	0			<h3>Key Features</h3>\r\n\r\n<ul>\r\n\t<li><strong>Bootstrap 4</strong></li>\r\n\t<li><strong>HTML5, CSS3 &amp; SCSS</strong></li>\r\n\t<li><strong>Gulp Based Workflow</strong></li>\r\n\t<li>100% responsive</li>\r\n\t<li>Single dashboard style</li>\r\n\t<li>Collapsible sidebar</li>\r\n\t<li><strong>Breadcrumbs</strong></li>\r\n\t<li>On-hover effect</li>\r\n\t<li>Drop-down menu</li>\r\n\t<li>Cross browsers compatibility</li>\r\n\t<li>Line chart, Bar chart, Pie chart, Area chart etc</li>\r\n\t<li>15+ widgets</li>\r\n\t<li>Different types of forms</li>\r\n\t<li>Different types of tables</li>\r\n\t<li><strong>Authentication pages</strong></li>\r\n\t<li><strong>Google maps</strong></li>\r\n\t<li>Flaticon</li>\r\n\t<li>Google fonts</li>\r\n\t<li>Fontawesome</li>\r\n</ul>\r\n\r\n<p>&nbsp;</p>\r\n\r\n<h3>In the box</h3>\r\n\r\n<ul>\r\n\t<li>All demo images</li>\r\n\t<li>32 HTML files</li>\r\n\t<li>Flaticon</li>\r\n\t<li>CSS ,SCSS files</li>\r\n\t<li>JavaScript source files</li>\r\n\t<li>Jason &amp; PHP files</li>\r\n\t<li>Library and plugin files</li>\r\n</ul>\r\n\r\n<p>&nbsp;</p>\r\n\r\n<h3>Libraries &amp; Plugins</h3>\r\n\r\n<ul>\r\n\t<li><a href="https://getbootstrap.com/" rel="noopener" target="_blank">Bootstrap 4</a></li>\r\n\t<li><a href="https://sass-lang.com/" rel="noopener" target="_blank">SCSS</a></li>\r\n\t<li><a href="https://www.flaticon.com/" rel="noopener" target="_blank">Flat icon</a></li>\r\n\t<li><a href="https://fontawesome.com/" rel="noopener" target="_blank">Font awesome</a></li>\r\n\t<li><a href="https://fonts.google.com/" rel="noopener" target="_blank">Google fonts</a></li>\r\n</ul>		0	0	0	0	\N	f	f	f	0	\N	\N	\N	\N	2023-11-01 15:26:38.638+00	2023-12-10 17:27:36.893742+00	f	6
56	Label-Admin	Label-Free-Bootstrap-Admin-Template		\N	\N	\N	https://github.com/themezoz/Label-Free-Bootstrap-Admin-Template/archive/refs/heads/master.zip	\N	https://github.com/themezoz/Label-Free-Bootstrap-Admin-Template/blob/master/src/demo_1/index.html	https://github.com/themezoz/Label-Free-Bootstrap-Admin-Template/blob/master/package.json	\N	https://drive.google.com/file/d/1_yH3zJ50eAoKX8w3pHu8xkZGYQc5nro0/view?usp=drive_link	\N	\N	https://htmlpreview.github.io/?https://github.com/themezoz/Label-Free-Bootstrap-Admin-Template/blob/master/src/demo_1/index.html	\N	\N	label-admin	templates/images/Label-Free-Bootstrap-Admin-Template_themezoz_.png									\N	\N	\N	\N	\N	\N	\N	\N	\N	\N	2023-11-02	en	1	publised	18	0					0	0	0	0	\N	f	t	t	0	\N	\N	\N	\N	2023-11-02 12:49:44.631+00	2023-12-13 14:08:12.743402+00	f	6
6	berry dashboard	berry - dashbord admin		https://github.com/themezoz/berry-free-vuetify-vuejs-admin-template/archive/refs/heads/master.zip	\N	\N	\N	\N	\N	\N	\N	\N	\N	https://berrydashboard.io/dashboard/default	\N	\N	\N	dashboard	templates/images/themezoz_-_berrydashboard-io-dashboard.png									\N	\N	\N	\N	\N	\N	\N	\N	\N	\N	2023-10-29	en	1	publised	97	0					2	0	\N	\N	\N	f	t	f	5	\N	Control Panel | SiteToDownload - Themes & Templates	Dashboard Admin Page SiteToDownload Themes Templates Control Panel Customize Manage Download	Effortlessly manage, customize, and control themes and templates with our user-friendly dashboard. SiteToDownload offers a comprehensive admin panel	2023-10-28 21:17:30.197+00	2023-12-13 23:26:42.477335+00	t	6
55	kwd-dashboard	k-wd-dashboard		\N	\N	\N	https://github.com/themezoz/kwd-dashboard/archive/refs/heads/main.zip	\N	https://github.com/themezoz/kwd-dashboard/blob/main/public/index.html	\N	\N	https://drive.google.com/file/d/1WBV_QOP0wx5HeZzFiYgyObChTv1Muoa0/view?usp=drive_link	\N	\N	https://themewagon.github.io/k-wd-dashboard/	\N	\N	kwd-dashboard	templates/images/themezoz_-k-wd-dashboard-2023-11-02-15_32_46.png									\N	\N	\N	\N	\N	\N	\N	\N	\N	\N	2023-11-02	en	1	publised	16	0					0	0	0	0	\N	f	f	f	0	\N	\N	\N	\N	2023-11-02 12:34:30.094+00	2023-12-13 23:58:04.683714+00	f	6
62	100 + Dashboards	100 + Dashboards for admin page and control panl		https://doc-14-00-drive-data-export.googleusercontent.com/download/auct5r6avbrlbvh83kfeup8d7jddpubh/ge9nai0qglji4gc4p5diullltruqq7ku/1702507500000/2c2b817a-27b5-4cdb-8c72-fce470932f17/1174114481232589	\N	\N	\N	\N	\N	\N	\N	\N	\N	\N	https://www.themezoz.com/templates/admin_page/62	\N	\N	all_admin_page	templates/images/collections_of_dashboards_shift.jpg									https://lh3.googleusercontent.com/fife/AGXqzDnyl917rtjcp3dPFuoZNq9qJUSm6XWe599yXB6YpeijdFIgiMrYSkaTUOg5pC3Vx-NMxURLHR8UaLAtCJpKBYvMofW3u8EX3_GMDoMrl6V76t7NMhxieL3NFit24Jw1bEw-LrsuDg_G5W2rCJtBK1xH6rgDC	\N	\N	\N	\N	\N	\N	\N	\N	\N	2023-12-13	en	1	publised	4	1					0	0	19	10	\N	f	t	t	5	dashboard , admin page ,control panel	Control Panel | SiteToDownload - Themes & Templates	Dashboard Admin Page SiteToDownload Themes Templates Control Panel Customize Manage Download	admin dashbord adminpage border	2023-12-13 23:37:23.039736+00	2023-12-14 00:05:56.299663+00	t	6
\.


--
-- Data for Name: core_item_category; Type: TABLE DATA; Schema: public; Owner: themezoz
--

COPY public.core_item_category (id, item_id, category_id) FROM stdin;
1	1	1
2	4	1
3	4	3
4	5	1
5	5	3
6	6	1
7	6	3
8	7	1
9	7	3
10	8	1
11	8	3
12	9	1
13	9	3
14	10	1
15	10	3
16	11	1
17	11	3
18	12	1
19	12	3
20	13	1
21	13	3
22	14	1
23	14	3
24	15	1
25	15	3
26	16	1
27	16	3
28	17	1
29	17	3
30	18	1
31	18	3
32	19	1
33	19	3
34	20	1
35	20	3
36	21	1
37	21	3
38	22	1
39	22	3
40	23	1
41	23	3
42	24	1
43	24	3
44	25	1
45	25	3
46	26	1
47	26	3
48	27	1
49	27	3
50	28	1
51	28	3
52	29	1
53	29	3
54	30	1
55	30	3
56	31	1
57	31	3
58	32	1
59	32	3
60	33	1
61	33	3
62	34	1
63	34	3
64	35	1
65	35	3
66	36	1
67	36	3
68	37	1
69	37	3
70	38	1
71	38	3
72	39	1
73	39	3
74	40	1
75	40	3
76	41	1
77	41	3
78	42	1
79	42	3
80	43	1
81	43	3
82	44	1
83	44	3
84	45	1
85	45	3
86	46	1
87	46	3
88	47	1
89	47	3
90	48	1
91	48	3
92	49	1
93	49	3
94	50	1
95	50	3
96	51	1
97	51	3
98	52	1
99	52	3
100	53	1
101	53	3
102	54	1
103	54	3
104	55	1
105	55	3
106	56	1
107	56	3
108	57	1
109	57	3
110	58	1
111	58	3
112	59	1
113	59	3
114	60	1
115	60	3
116	61	1
117	61	3
118	62	1
119	62	2
120	62	3
121	62	4
122	62	5
123	62	6
124	62	7
125	62	8
126	62	9
127	62	10
128	62	11
129	62	12
\.


--
-- Data for Name: core_item_subcategory; Type: TABLE DATA; Schema: public; Owner: themezoz
--

COPY public.core_item_subcategory (id, item_id, subcategory_id) FROM stdin;
1	4	1
2	4	2
3	5	1
4	5	2
5	6	1
6	6	2
7	6	3
8	6	4
9	6	5
10	7	1
11	7	2
12	8	1
13	8	2
14	8	3
15	8	5
16	9	1
17	9	2
18	9	3
19	9	5
20	10	1
21	10	2
22	10	3
23	10	5
24	11	1
25	11	2
26	11	3
27	11	5
28	12	1
29	12	2
30	12	3
31	12	5
32	13	1
33	13	2
34	13	3
35	13	5
36	14	1
37	14	2
38	14	3
39	14	5
40	15	1
41	15	2
42	15	5
43	16	1
44	16	2
45	16	3
46	16	5
47	17	1
48	17	2
49	17	3
50	17	6
51	18	1
52	18	2
53	18	3
54	18	4
55	18	5
56	19	1
57	19	2
58	19	3
59	19	5
60	20	1
61	20	2
62	20	3
63	20	5
64	21	1
65	21	2
66	21	3
67	21	5
68	22	1
69	22	2
70	22	3
71	22	5
72	23	1
73	23	2
74	23	3
75	23	5
76	24	1
77	24	2
78	24	3
79	24	5
80	25	1
81	25	2
82	25	3
83	25	5
84	26	1
85	26	2
86	26	3
87	26	5
88	27	1
89	27	2
90	27	3
91	27	5
92	28	1
93	28	2
94	28	3
95	28	5
96	29	1
97	29	2
98	29	3
99	29	5
100	30	1
101	30	2
102	30	3
103	30	5
104	31	1
105	31	2
106	31	3
107	31	5
108	32	1
109	32	2
110	32	3
111	32	5
112	33	1
113	33	2
114	33	3
115	33	5
116	34	1
117	34	2
118	34	5
119	34	7
120	35	1
121	35	2
122	35	3
123	35	5
124	35	7
125	36	1
126	36	2
127	36	3
128	36	5
129	36	8
130	37	1
131	37	2
132	37	3
133	37	5
134	38	1
135	38	2
136	38	3
137	38	5
138	38	7
139	39	1
140	39	2
141	39	3
142	39	5
143	40	1
144	40	2
145	40	3
146	40	5
147	41	1
148	41	2
149	41	3
150	41	5
151	41	7
152	42	1
153	42	2
154	42	3
155	42	5
156	43	1
157	43	2
158	43	3
159	43	5
160	44	1
161	44	2
162	44	3
163	44	5
164	44	6
165	45	1
166	45	2
167	45	3
168	46	1
169	46	2
170	46	3
171	46	5
172	47	1
173	47	2
174	47	3
175	47	5
176	48	1
177	48	2
178	48	3
179	48	5
180	49	1
181	49	2
182	49	3
183	49	7
184	50	1
185	50	2
186	50	3
187	50	5
188	50	6
189	51	1
190	51	2
191	51	3
192	51	5
193	52	1
194	52	2
195	52	3
196	52	5
197	53	1
198	53	2
199	53	3
200	53	5
201	53	9
202	54	1
203	54	2
204	54	3
205	54	5
206	55	1
207	55	2
208	55	3
209	55	5
210	56	1
211	56	2
212	56	3
213	56	5
214	57	1
215	57	2
216	57	3
217	57	5
218	58	1
219	58	2
220	58	3
221	58	4
222	58	5
223	59	1
224	59	2
225	59	3
226	59	5
227	59	6
228	60	1
229	60	2
230	60	3
231	60	5
232	61	1
233	61	2
234	61	3
235	61	5
236	62	1
237	62	2
238	62	3
239	62	4
240	62	5
241	62	6
242	62	7
243	62	8
244	62	9
245	62	10
\.


--
-- Data for Name: core_myfav; Type: TABLE DATA; Schema: public; Owner: themezoz
--

COPY public.core_myfav (id, item_id, user_id) FROM stdin;
\.


--
-- Data for Name: core_socialmedia; Type: TABLE DATA; Schema: public; Owner: themezoz
--

COPY public.core_socialmedia (id, name, url, icon, created_at, updated_at) FROM stdin;
\.


--
-- Data for Name: core_subcategory; Type: TABLE DATA; Schema: public; Owner: themezoz
--

COPY public.core_subcategory (id, name, slug, image, description, status, trending, meta_title, meta_keywords, meta_description, number_of_views, number_of_likes, created_at, updated_at) FROM stdin;
1	HTML	html	categories/OIP.jpg		f	t	\N	\N	\N	0	0	2023-10-28 15:14:49.931+00	2023-10-28 15:14:49.931+00
2	CSS 3	sup_css3	categories/themezoz-css.jpg		f	t	\N	\N	\N	0	0	2023-10-28 15:18:36.371+00	2023-10-28 15:18:36.371+00
3	JavaScript	JavaScript	categories/themezoz_-_js_.jpg		f	f	\N	\N	\N	0	0	2023-10-28 21:12:25.443+00	2023-10-28 21:12:25.443+00
4	vue ja	vue-ja	categories/themezoz_vue_js_.jpg		f	f	\N	\N	\N	0	0	2023-10-28 21:14:30.709+00	2023-10-28 21:14:30.709+00
5	dashboard	dashboard	categories/themezoz_-_dashboard.jpg		f	t	\N	\N	\N	0	0	2023-10-28 21:16:17.6+00	2023-10-28 21:16:17.6+00
6	Angular	Angular	default-pic-avatar.jpg		f	f	\N	\N	\N	0	0	2023-10-28 23:27:47.947+00	2023-10-28 23:27:47.947+00
7	laravel	laravel	categories/logo-laravel-icon-1024.png		f	t	laravel	laravel	laravel	0	0	2023-10-31 13:08:14.163+00	2023-10-31 13:08:14.163+00
8	nextjs	nextjs	categories/themezoz_-_nextjs_.png		f	f	\N	\N	\N	0	0	2023-10-31 15:17:15.49+00	2023-10-31 15:17:15.49+00
9	Django	cat_django	categories/django.jpg		f	f	\N	\N	\N	0	0	2023-11-02 12:18:31.834+00	2023-11-02 12:18:31.834+00
10	Typescript	Typescript	categories/Typescript.png		f	f	\N	\N	\N	0	0	2023-11-04 13:00:49.112+00	2023-11-04 13:00:49.113+00
\.


--
-- Data for Name: core_subcategory_category; Type: TABLE DATA; Schema: public; Owner: themezoz
--

COPY public.core_subcategory_category (id, subcategory_id, category_id) FROM stdin;
1	1	1
2	2	1
3	2	2
4	2	3
5	3	1
6	3	2
7	3	3
8	4	1
9	4	2
10	4	3
11	5	1
12	5	3
13	6	1
14	6	3
15	7	1
16	7	2
17	7	3
18	7	4
19	7	5
20	7	6
21	7	7
22	7	8
23	7	9
24	7	10
25	7	11
26	8	1
27	8	2
28	8	3
29	8	4
30	8	5
31	8	6
32	8	7
33	8	8
34	8	9
35	8	10
36	8	11
37	9	1
38	9	2
39	9	3
40	9	4
41	9	5
42	9	6
43	9	7
44	9	8
45	9	9
46	9	10
47	9	11
48	9	12
49	10	1
50	10	2
51	10	3
52	10	4
53	10	5
54	10	6
55	10	7
56	10	8
57	10	9
58	10	10
59	10	11
60	10	12
\.


--
-- Data for Name: django_admin_log; Type: TABLE DATA; Schema: public; Owner: themezoz
--

COPY public.django_admin_log (id, action_time, object_id, object_repr, action_flag, change_message, content_type_id, user_id) FROM stdin;
122	2023-11-12 08:41:09.269+00	1	Add Your Items - Add Your Items for free and make us to mage any thisg for your coustomer	1	[{"added": {}}]	26	6
123	2023-11-12 08:42:57.697+00	2	make Ads - make add ads for your items to become globle to put in slider and almost pages and in other plateform such as google and facebook ...	1	[{"added": {}}]	26	6
124	2023-11-12 08:46:46.549+00	2	make Ads - make add ads for your items to become globle to put in slider and almost pages and in other plateform such as google and facebook ...	2	[{"changed": {"fields": ["Image", "Image url"]}}]	26	6
125	2023-11-12 08:48:32.464+00	1	Add Your Items - Add Your Items for free and make us to mage any thisg for your coustomer	2	[{"changed": {"fields": ["Image", "Image url"]}}]	26	6
126	2023-11-12 10:04:21.85+00	6	berry dashboard	2	[{"changed": {"fields": ["Original price", "Selling price", "Rating", "Approved"]}}]	8	6
127	2023-11-13 01:16:22.075+00	6	6 - superuser - themezoz.com@gmail.com	2	[{"changed": {"fields": ["Last Name"]}}]	11	6
128	2023-11-13 10:42:49.49+00	42	elegant dashboard	2	[{"changed": {"fields": ["Original price", "Selling price", "Approved"]}}]	8	6
129	2023-11-24 08:01:16.265+00	22	7 - user - alsuna2513@gmail.com - berry dashboard - 1	3		12	6
130	2023-11-24 08:01:16.336+00	21	6 - superuser - themezoz.com@gmail.com - elegant dashboard - 1	3		12	6
131	2023-11-24 08:01:25.696+00	15	order for 15 , has for  6 - superuser - themezoz.com@gmail.com   with superuser8660293	3		13	6
132	2023-11-24 08:01:25.761+00	14	order for 14 , has for  6 - superuser - themezoz.com@gmail.com   with superuser5750010	3		13	6
133	2023-11-24 08:01:25.813+00	13	order for 13 , has for  6 - superuser - themezoz.com@gmail.com   with superuser3181776	3		13	6
134	2023-11-24 08:01:25.861+00	12	order for 12 , has for  6 - superuser - themezoz.com@gmail.com   with superuser6950347	3		13	6
135	2023-11-24 08:01:25.906+00	11	order for 11 , has for  6 - superuser - themezoz.com@gmail.com   with superuser9076172	3		13	6
136	2023-11-24 08:01:25.953+00	10	order for 10 , has for  6 - superuser - themezoz.com@gmail.com   with superuser3523273	3		13	6
137	2023-11-24 08:01:25.999+00	9	order for 9 , has for  6 - superuser - themezoz.com@gmail.com   with superuser8611096	3		13	6
138	2023-11-24 08:01:26.078+00	8	order for 8 , has for  6 - superuser - themezoz.com@gmail.com   with superuser9307494	3		13	6
139	2023-11-24 08:01:26.15+00	7	order for 7 , has for  6 - superuser - themezoz.com@gmail.com   with superuser5129897	3		13	6
140	2023-11-24 08:01:26.211+00	6	order for 6 , has for  6 - superuser - themezoz.com@gmail.com   with superuser5707024	3		13	6
141	2023-11-24 08:01:26.259+00	5	order for 5 , has for  6 - superuser - themezoz.com@gmail.com   with superuser7213855	3		13	6
142	2023-11-24 08:01:26.306+00	4	order for 4 , has for  6 - superuser - themezoz.com@gmail.com   with superuser9042349	3		13	6
143	2023-11-24 08:01:26.396+00	3	order for 3 , has for  6 - superuser - themezoz.com@gmail.com   with superuser7684508	3		13	6
144	2023-11-24 08:01:26.442+00	2	order for 2 , has for  5 - hamza - hamza@gmail.com   with hamza3931581	3		13	6
145	2023-11-24 08:01:26.48+00	1	order for 1 , has for  5 - hamza - hamza@gmail.com   with hamza3129686	3		13	6
146	2023-11-24 08:01:48.439+00	5	superuser rate berry dashboard by 5	3		16	6
147	2023-11-24 08:01:48.497+00	4	hamza rate adminlte by 4	3		16	6
148	2023-11-24 08:01:48.549+00	2	hamza rate StarAdmin by 4	3		16	6
149	2023-11-24 08:13:19.319+00	61	majestic-Dashcoard	2	[{"changed": {"fields": ["User"]}}]	8	6
150	2023-11-24 08:17:08.075+00	61	majestic-Dashcoard	2	[{"changed": {"fields": ["User"]}}]	8	6
151	2023-11-24 08:26:01.047+00	7	7 - user - alsuna2513@gmail.com	3		11	6
152	2023-11-24 08:26:01.126+00	5	5 - hamza - hamza@gmail.com	3		11	6
153	2023-11-24 08:26:01.182+00	4	4 - themezoz - hamzoooz123@gmail.com	3		11	6
154	2023-11-24 08:26:01.227+00	3	3 - book-hope - bookhope.com@gmail.com	3		11	6
155	2023-11-24 08:26:01.267+00	1	1 - hamzoooz1 - hamzoooz1@gamail.com	3		11	6
156	2023-12-13 23:16:56.075813+00	1	dashboards	1	[{"added": {}}]	30	6
157	2023-12-13 23:26:34.358694+00	6	berry dashboard	2	[{"changed": {"fields": ["Original price", "Selling price"]}}]	9	6
158	2023-12-13 23:27:13.615239+00	42	elegant dashboard	2	[{"changed": {"fields": ["Original price", "Selling price"]}}]	9	6
159	2023-12-13 23:37:23.04997+00	62	100 + Dashboards	1	[{"added": {}}]	9	6
160	2023-12-13 23:41:35.775347+00	62	100 + Dashboards	2	[{"changed": {"fields": ["Demo1"]}}]	9	6
161	2023-12-13 23:41:40.994003+00	62	100 + Dashboards	2	[]	9	6
162	2023-12-14 00:03:29.875748+00	62	100 + Dashboards	2	[{"changed": {"fields": ["Size"]}}]	9	6
\.


--
-- Data for Name: django_content_type; Type: TABLE DATA; Schema: public; Owner: themezoz
--

COPY public.django_content_type (id, app_label, model) FROM stdin;
6	core	category
7	core	collections
8	core	contact_us
9	core	item
10	core	socialmedia
11	core	subcategory
12	core	myfav
13	users	customuser
14	carts	cart
15	carts	order
16	carts	orderitem
17	wishlist	wishlist
18	wishlist	likeitem
19	rating	ratingsystem
20	sliders	sliderhome
21	account	emailaddress
22	account	emailconfirmation
23	socialaccount	socialaccount
24	socialaccount	socialapp
25	socialaccount	socialtoken
26	sites	site
27	blog	article
28	blog	profile
29	blog	comment
30	blog	category
31	taggit	tag
32	taggit	taggeditem
33	oauth2_provider	application
34	oauth2_provider	accesstoken
35	oauth2_provider	grant
36	oauth2_provider	refreshtoken
37	oauth2_provider	idtoken
1	admin	logentry
2	auth	permission
3	auth	group
4	contenttypes	contenttype
5	sessions	session
\.


--
-- Data for Name: django_migrations; Type: TABLE DATA; Schema: public; Owner: themezoz
--

COPY public.django_migrations (id, app, name, applied) FROM stdin;
1	contenttypes	0001_initial	2023-12-09 07:24:09.215439+00
2	contenttypes	0002_remove_content_type_name	2023-12-09 07:24:09.223571+00
3	auth	0001_initial	2023-12-09 07:24:09.289898+00
4	auth	0002_alter_permission_name_max_length	2023-12-09 07:24:09.29641+00
5	auth	0003_alter_user_email_max_length	2023-12-09 07:24:09.303704+00
6	auth	0004_alter_user_username_opts	2023-12-09 07:24:09.339764+00
7	auth	0005_alter_user_last_login_null	2023-12-09 07:24:09.346829+00
8	auth	0006_require_contenttypes_0002	2023-12-09 07:24:09.350995+00
9	auth	0007_alter_validators_add_error_messages	2023-12-09 07:24:09.357586+00
10	auth	0008_alter_user_username_max_length	2023-12-09 07:24:09.364031+00
11	auth	0009_alter_user_last_name_max_length	2023-12-09 07:24:09.370753+00
12	auth	0010_alter_group_name_max_length	2023-12-09 07:24:09.377998+00
13	auth	0011_update_proxy_permissions	2023-12-09 07:24:09.384606+00
14	auth	0012_alter_user_first_name_max_length	2023-12-09 07:24:09.391387+00
15	users	0001_initial	2023-12-09 07:24:09.465079+00
16	account	0001_initial	2023-12-09 07:24:09.522784+00
17	account	0002_email_max_length	2023-12-09 07:24:09.533005+00
18	account	0003_alter_emailaddress_create_unique_verified_email	2023-12-09 07:24:09.555437+00
19	account	0004_alter_emailaddress_drop_unique_email	2023-12-09 07:24:09.573117+00
20	account	0005_emailaddress_idx_upper_email	2023-12-09 07:24:09.589269+00
21	admin	0001_initial	2023-12-09 07:24:09.631161+00
22	admin	0002_logentry_remove_auto_add	2023-12-09 07:24:09.641625+00
23	admin	0003_logentry_add_action_flag_choices	2023-12-09 07:24:09.651805+00
24	taggit	0001_initial	2023-12-09 07:24:09.70415+00
25	taggit	0002_auto_20150616_2121	2023-12-09 07:24:09.717556+00
26	taggit	0003_taggeditem_add_unique_index	2023-12-09 07:24:09.728988+00
27	taggit	0004_alter_taggeditem_content_type_alter_taggeditem_tag	2023-12-09 07:24:09.75019+00
28	taggit	0005_auto_20220424_2025	2023-12-09 07:24:09.756387+00
29	taggit	0006_rename_taggeditem_content_type_object_id_taggit_tagg_content_8fc721_idx	2023-12-09 07:24:09.769637+00
30	blog	0001_initial	2023-12-09 07:24:09.91498+00
31	core	0001_initial	2023-12-09 07:24:10.063766+00
32	carts	0001_initial	2023-12-09 07:24:10.089664+00
33	carts	0002_initial	2023-12-09 07:24:10.11533+00
34	carts	0003_initial	2023-12-09 07:24:10.185032+00
35	core	0002_initial	2023-12-09 07:24:10.419006+00
36	oauth2_provider	0001_initial	2023-12-09 07:24:10.716227+00
37	oauth2_provider	0002_auto_20190406_1805	2023-12-09 07:24:10.762541+00
38	oauth2_provider	0003_auto_20201211_1314	2023-12-09 07:24:10.785653+00
39	oauth2_provider	0004_auto_20200902_2022	2023-12-09 07:24:10.953386+00
40	oauth2_provider	0005_auto_20211222_2352	2023-12-09 07:24:11.150621+00
41	oauth2_provider	0006_alter_application_client_secret	2023-12-09 07:24:11.201425+00
42	oauth2_provider	0007_application_post_logout_redirect_uris	2023-12-09 07:24:11.22573+00
43	rating	0001_initial	2023-12-09 07:24:11.267794+00
44	rating	0002_initial	2023-12-09 07:24:11.304811+00
45	sessions	0001_initial	2023-12-09 07:24:11.328553+00
46	sites	0001_initial	2023-12-09 07:24:11.338058+00
47	sites	0002_alter_domain_unique	2023-12-09 07:24:11.355063+00
48	sliders	0001_initial	2023-12-09 07:24:11.369452+00
49	socialaccount	0001_initial	2023-12-09 07:24:11.53972+00
50	socialaccount	0002_token_max_lengths	2023-12-09 07:24:11.58712+00
51	socialaccount	0003_extra_data_default_dict	2023-12-09 07:24:11.616663+00
52	socialaccount	0004_app_provider_id_settings	2023-12-09 07:24:11.652569+00
53	socialaccount	0005_socialtoken_nullable_app	2023-12-09 07:24:11.693225+00
54	socialaccount	0006_alter_socialaccount_extra_data	2023-12-09 07:24:11.73738+00
55	wishlist	0001_initial	2023-12-09 07:24:11.901621+00
56	core	0003_alter_item_size	2023-12-13 23:49:17.519887+00
\.


--
-- Data for Name: django_session; Type: TABLE DATA; Schema: public; Owner: themezoz
--

COPY public.django_session (session_key, session_data, expire_date) FROM stdin;
1w4wkdtv0qddrmaegy7nb4zjiz1vnhio	.eJwVykEKgzAQRuG7_GuhGze6Lrj0AKXIMAQNmEzMjKUi3t1x9_h4J1Q40krMsmeb1MgC-s-JHP6GHq90OEoNaFCqcFB1XWWO2UVZiu_wpN2WqVCl9Ay4GmzjYbqNtcTfOw1th-91A5baJjg:1r4QKM:FzCY0lPhOLdV3CODyO5-t7BJeQoKwZ8jTIEZDAN3xmg	2023-12-02 18:45:58.985+00
4atetuxthvwz1c3pkimxa18u119v9fg5	.eJxVjE0OwiAYBe_C2hBKsYBL9z1D8_0hVQNJaVfGu2uTLnT7Zua91ATbmqetyTLNrC7KqdPvhkAPKTvgO5Rb1VTLusyod0UftOmxsjyvh_t3kKHlb50k-GiiEHUBRTANUTo01oI9C5LtObogbjDCjIA-OCLwKXobqA_A6v0BFHQ5NA:1quuU8:5CdiVEpZdv70jRDHQoweR1qC8RSKMImPYGc-f2bTl08	2023-11-06 12:56:44.938+00
4voktfpv3qjab7jw5ptnfgtk37j6pcd9	.eJxVjEEOgjAQRe_StWlo6UyLS_ecgUxnRosaSCisjHdXEha6_e-9_zIDbWsZtqrLMIo5G29Ov1smfui0A7nTdJstz9O6jNnuij1otf0s-rwc7t9BoVq-NWPHTdtEwhRCyHJ10KagEcGzAgsoREyOAEGyS54yZ-3Ec2QmRTTvD9eQODs:1qtlO9:sU8YFgsTBU0bvd9TtRztgfTe9lDrWx3ecXrJ3AcCisA	2023-11-03 09:01:49.162+00
6pho13w5l7uc05jh927y4odwaicmmxw1	.eJxVjE0OwiAYBe_C2hBKsYBL9z1D8_0hVQNJaVfGu2uTLnT7Zua91ATbmqetyTLNrC7KqdPvhkAPKTvgO5Rb1VTLusyod0UftOmxsjyvh_t3kKHlb50k-GiiEHUBRTANUTo01oI9C5LtObogbjDCjIA-OCLwKXobqA_A6v0BFHQ5NA:1qvlqF:JB5jBwGn4OTFLFYN3arXAl-XJBMq4CWLFzABVW_C6ek	2023-11-08 21:55:07.463+00
6pibrvzxt6erwj0vhtfb504dauc02sad	eyJzb2NpYWxhY2NvdW50X3N0YXRlIjpbeyJwcm9jZXNzIjoibG9naW4iLCJzY29wZSI6IiIsImF1dGhfcGFyYW1zIjoiIn0sIkg5Sk9BcEVoN1o2Y1A2QzQiXX0:1r4QKU:ehp7rnCxCsfRelUAPFNNpbofXh9zrxySAqFWIfuEOoQ	2023-12-02 18:46:06.848+00
7krz4z46im2nb4jspz14b27a9zk599s0	eyJzb2NpYWxhY2NvdW50X3N0YXRlIjpbeyJwcm9jZXNzIjoibG9naW4iLCJzY29wZSI6IiIsImF1dGhfcGFyYW1zIjoiIn0sIlY5UGZDMzlXcUUxNmlFZVYiXX0:1r4QLW:NPZ178kOOhKmXRR6hdpLVB3E7dCf70xnK4qRjktESWo	2023-12-02 18:47:10.481+00
99aad93nncd7l61o8bp0zrh8zuf5bo8p	eyJzb2NpYWxhY2NvdW50X3N0YXRlIjpbeyJwcm9jZXNzIjoibG9naW4iLCJzY29wZSI6IiIsImF1dGhfcGFyYW1zIjoiIn0sIjMwSEhqbzJKblI0V0k1bzMiXX0:1qtkfS:MffTXJks3NUpBUWQAX82RoHoFI0otmCFIzWTI3Q_QOk	2023-11-03 08:15:38.866+00
9u4zuza2q1d6yjtrhkzgh74fhynzuj2v	eyJzb2NpYWxhY2NvdW50X3N0YXRlIjpbeyJuZXh0IjoiL215X3N0b3JlIiwicHJvY2VzcyI6ImxvZ2luIiwic2NvcGUiOiIiLCJhdXRoX3BhcmFtcyI6IiJ9LCIweVFmSWJOVTY2OEh3ZEpNIl19:1r4QLG:SXXGHskUQ7a_I_JEBzrVX1O2U9yA9SzpxKetDMhj2Fs	2023-12-02 18:46:54.386+00
ajayzwc2rysbybz9ibysfm4xrnss11gz	.eJwVyjEKg0AQRuG7_LWgTRovkM5GLEIIMg5LFNadZWcMinj3jN3j451Q4YUiMcuWbFQjC2jfJ1LYDS3q9XCUElAhF-Gg6hrluyQXZcm-w5M2m8dMhdZ7wFXh-fpJb01Hjzh100D4XH-N6yXG:1r4QL8:RbgJbofFcymTNXVkWKlOw2vhWgxw0GN3lIsUBh9jNZY	2023-12-02 18:46:46.931+00
ayqohi6tsfifzohaglc5yqvylvukt7dv	.eJxVzE1rwkAQgOH_MucQTNwvPWpBKO1FTyISZmfHJDXdDdlNoYj_3US8eBvmfWZuEAO12CFRGH2qYsLEsD7doB8CcYywhi7UrYcMIoV-ajCNOKam6nHA3xnAPQNz0Olz97cn8f_xdXRbOGdQPdkYeahaN7kS3nYW6cp-Du4HfR1yCj4Nrc1nkr9qzL-D427zsm8PGozNdE1qRYvlQqMyQgjrLoVcGsFayZJYkpMstTIFSiWdLUyJliyvXEmaCFkpuD8A3QdWgQ:1qtMyM:tgNHdjstocUH3qyYOKN2IkBZ5UKkIxr-1T24vcpwMhE	2023-11-02 06:57:34.607+00
b3a9eb7j2xi9rf0uv9jgjfxbw3twglj4	.eJxVjEsOwjAMBe-SNYocJ04KS_Y9Q-XagRZQIvWzQtwdReoCtm9m3tsMvG_TsK95GWY1FxPN6XcbWZ65NKAPLvdqpZZtmUfbFHvQ1fZV8-t6uH8HE69TqzsgQo0QnFLk7JkJFFPw0QVCDDh6VmHyDMjQgbuBJEh4JgHPYj5fvgI22g:1r25yQ:-wxJOfeOjPqHCg9vdBE03oYmO7nQ--VJr8f2VQqmvi0	2023-11-26 08:37:42.591+00
bcpaxyorgh0b4sytbtdzkdraoq3hre01	eyJzb2NpYWxhY2NvdW50X3N0YXRlIjpbeyJwcm9jZXNzIjoibG9naW4iLCJzY29wZSI6IiIsImF1dGhfcGFyYW1zIjoiIn0sIk5zMjBSbzJSUmhmQ1ZlVWsiXX0:1r4QLS:8RWM1yWl1SH6DXmQFMzsIBQOg24GT6npyUkd4nAgrPs	2023-12-02 18:47:06.485+00
d0uhhwt0ku72lemsodisdikdzsiqzaf2	.eJxVjksOwyAMRO_CukLh72TXXgQZA0rUiEgNWVW9e0nEovVuZuw3fjOPR539saeXXyKbmGK3Xy8gPVM5A1zX0-ZItB2l8munxzu_N5VKXQjrspVHv_pDzbjPjROMGF2WBp0EF3AwKudsgYSCELQQoFXQBDkCKOlkxJwdCHBkUJmBdIP2Fy52L03RY2WTsKMD28ZwJzQoaz9f585KPw:1qu4gD:o0vqVML5HdqEEWJaGIjn6SZ4UfV7NbWBTfNUul_jyPo	2023-11-04 05:37:45.716+00
dlrzl47f2vezgp1c1is4617fmsyrayxs	eyJzb2NpYWxhY2NvdW50X3N0YXRlIjpbeyJwcm9jZXNzIjoibG9naW4iLCJzY29wZSI6IiIsImF1dGhfcGFyYW1zIjoiIn0sImRndnRmQXdjUGVyWWVuS2YiXX0:1r4QKY:uaUBNK7AEb20PudgCZolAw_tf52t3ervKV5iFY6qP-s	2023-12-02 18:46:10.438+00
g8afxlfhwhuj71ow4krci1332sjai5ri	eyJzb2NpYWxhY2NvdW50X3N0YXRlIjpbeyJuZXh0IjoiL215X3N0b3JlIiwicHJvY2VzcyI6ImxvZ2luIiwic2NvcGUiOiIiLCJhdXRoX3BhcmFtcyI6IiJ9LCI3SzhrZ0RiUHI3Qnp3blk0Il19:1r4QL4:VFhgu_6I0DevaqYLWkyK6Z8P9xL5PFNbWM2z_M9xE1U	2023-12-02 18:46:42.136+00
h0ys4r1sxf5x1awonpvpkm1jnr7mjajv	eyJzb2NpYWxhY2NvdW50X3N0YXRlIjpbeyJwcm9jZXNzIjoibG9naW4iLCJzY29wZSI6IiIsImF1dGhfcGFyYW1zIjoiIn0sIncwTUl5YU9rczZzUEd6OGwiXX0:1r4QLO:1hnjuWPf_s4i3CLkfDfrSWUyrxMOe2WKBbJ8MYbyl7I	2023-12-02 18:47:02.734+00
idfnv3lg3aliatdjt592ecgngnb8l0z5	.eJxVjE0OwiAYBe_C2hBKsYBL9z1D8_0hVQNJaVfGu2uTLnT7Zua91ATbmqetyTLNrC7KqdPvhkAPKTvgO5Rb1VTLusyod0UftOmxsjyvh_t3kKHlb50k-GiiEHUBRTANUTo01oI9C5LtObogbjDCjIA-OCLwKXobqA_A6v0BFHQ5NA:1quGs9:NkPdmxhQUyhUpWRtGDxl1N0-bgUp3YIHO43OuUO-vH4	2023-11-04 18:38:53.645+00
n93yy24vrhbc61h22fof5ob4yfl4xc9u	eyJzb2NpYWxhY2NvdW50X3N0YXRlIjpbeyJuZXh0IjoiL215X3N0b3JlIiwicHJvY2VzcyI6ImxvZ2luIiwic2NvcGUiOiIiLCJhdXRoX3BhcmFtcyI6IiJ9LCJaSFNNT3pZbzhJQk50M0EwIl19:1r4QKE:RUbp3QA4qMM4zCFVqXxt1OUOjOxSQNPWX7dsicIAD-A	2023-12-02 18:45:50.486+00
nckom2cw3g2puk5ia8977ykjcf7y1cox	eyJzb2NpYWxhY2NvdW50X3N0YXRlIjpbeyJwcm9jZXNzIjoibG9naW4iLCJzY29wZSI6IiIsImF1dGhfcGFyYW1zIjoiIn0sInFiaXM2S09YZ296M2s4SkgiXX0:1r4QKc:33lKjtxPpP4HWk8al2HTyWPD0-QAmgJl1rbsoRWkTnU	2023-12-02 18:46:14.033+00
nnoyu7i2653hc5gbxg32841zr6d367yk	.eJwVykEKg0AMRuG7_GtBS3cepBsRSUNQUSfDJJaqePemu8fHu2DKM63ErHvywZxc0HYXknwdLertCNQiqJCLspiFrjrOKcRYc-yIpN2nIVOh7T_grvAxfS36kNObpTzfhv7-AZWYJlM:1r4QKI:PcPAhAvbwNEQRz8aNW2RyhwffBj75rrUlU2TIsueTAo	2023-12-02 18:45:54.513+00
nydhwlsas627zzl37yqfd248qp53fugn	.eJxVjE0OwiAYBe_C2hBKsYBL9z1D8_0hVQNJaVfGu2uTLnT7Zua91ATbmqetyTLNrC7KqdPvhkAPKTvgO5Rb1VTLusyod0UftOmxsjyvh_t3kKHlb50k-GiiEHUBRTANUTo01oI9C5LtObogbjDCjIA-OCLwKXobqA_A6v0BFHQ5NA:1qwuCi:RrHDg-12IFFMZcwjnHtMKC3O4ptb6UQ25F3me78xPb4	2023-11-12 01:03:00.763+00
v14saj9xujspp1jzxp7ymhcrnf8gfaaz	.eJxVjEsOwjAMBe-SNYocJ04KS_Y9Q-XagRZQIvWzQtwdReoCtm9m3tsMvG_TsK95GWY1FxPN6XcbWZ65NKAPLvdqpZZtmUfbFHvQ1fZV8-t6uH8HE69TqzsgQo0QnFLk7JkJFFPw0QVCDDh6VmHyDMjQgbuBJEh4JgHPYj5fvgI22g:1r2SCQ:OAPrmrtsKllHdL809c0igKMJTfDnyN1s96D2LdDT-Yw	2023-11-27 08:21:38.004+00
w7o7q4up1rrcjqyr3f1fncngydn1r0fv	.eJxVjEsOwjAMBe-SNYocJ04KS_Y9Q-XagRZQIvWzQtwdReoCtm9m3tsMvG_TsK95GWY1FxPN6XcbWZ65NKAPLvdqpZZtmUfbFHvQ1fZV8-t6uH8HE69TqzsgQo0QnFLk7JkJFFPw0QVCDDh6VmHyDMjQgbuBJEh4JgHPYj5fvgI22g:1r6RY1:ewLenmtxSwig3rpkSeDTyCUkuyCI_CyLJEprtd2cQz8	2023-12-08 08:28:25.403+00
wkswzworj6ixhyqb3jibkpjkns6yz0vj	eyJzb2NpYWxhY2NvdW50X3N0YXRlIjpbeyJwcm9jZXNzIjoibG9naW4iLCJzY29wZSI6IiIsImF1dGhfcGFyYW1zIjoiIn0sIjlWem53akZ6dEYyWUt2SGMiXX0:1r0hmi:6kfNbDwyVq6FNfbjX_rRQWePUtG4yOpf01Pg6Zh-B5I	2023-11-22 12:35:52.065+00
z6e4nafdrifwqa848ygpsfbl99agx60z	.eJxVj8sKwyAURP_FdQlqfGbX_ohcX0RqDSTaTem_15SUkuXM3HuGeSFwbmmlmmdYU0zBm_CAlNFUWs4XZKDV2bQtrCZ5NCGJTp4Fdw9lDyDn3R4O3PC9OeJtuHYVSk0OalrK7fg6oWbY5s5hSnqBmaVCjB4IFZ4QsJjGqJmNLnDpnGKc6qg5xYQpEJYw7knQABq7Dv0tgn9pnwUVTURizBmmWg0Mi5Hw9wdno1Vq:1r5IDK:IxlIVKm_Meqo7-9LHQ7GRJxSP657PoJxV8ZL90yD7Hw	2023-12-05 04:18:18.409+00
h2wfxyfmk2cbabed3l8qhtcl087jswg0	.eJxVj8EOwiAQRP-Fs2kAhaW96Y-QZQspEWnSghfjv0tNjelpszO7bzIvhkRzzcU-_RJD9KP1D4yJDbmmdGIWa5lsXf1i48gGBuygOaS7z5uBKW1yt-O6781ur921bT6XSFjinG_71wE14To1jgnSE4GQBoikCqOTzvUuKH5G7UYkTqoH7cm0Ab0OGpQjQRDOSI6LBv01wn9oq4WFDQK4FBdlADojec-1fn8ALPBW3w:1rC1tl:uN1Ej84jD08KauB1fxltS4r2V1fnV8yNA-Gmb03FUtg	2023-12-23 18:17:57.822525+00
dm4y5a2bf1bsl4lr42gngo4izsbp3vmc	.eJxVjEsOwjAMBe-SNYocJ04KS_Y9Q-XagRZQIvWzQtwdReoCtm9m3tsMvG_TsK95GWY1FxPN6XcbWZ65NKAPLvdqpZZtmUfbFHvQ1fZV8-t6uH8HE69TqzsgQo0QnFLk7JkJFFPw0QVCDDh6VmHyDMjQgbuBJEh4JgHPYj5fvgI22g:1rDGpK:Up3hUrfDTDKjW9Rb0QfuPscMAeSIrz5kBZzpTeZkfSQ	2023-12-27 04:26:30.220524+00
\.


--
-- Data for Name: django_site; Type: TABLE DATA; Schema: public; Owner: themezoz
--

COPY public.django_site (id, domain, name) FROM stdin;
1	example.com	example.com
\.


--
-- Data for Name: oauth2_provider_accesstoken; Type: TABLE DATA; Schema: public; Owner: themezoz
--

COPY public.oauth2_provider_accesstoken (id, token, expires, scope, application_id, user_id, created, updated, source_refresh_token_id, id_token_id) FROM stdin;
\.


--
-- Data for Name: oauth2_provider_application; Type: TABLE DATA; Schema: public; Owner: themezoz
--

COPY public.oauth2_provider_application (id, client_id, redirect_uris, client_type, authorization_grant_type, client_secret, name, user_id, skip_authorization, created, updated, algorithm, post_logout_redirect_uris) FROM stdin;
\.


--
-- Data for Name: oauth2_provider_grant; Type: TABLE DATA; Schema: public; Owner: themezoz
--

COPY public.oauth2_provider_grant (id, code, expires, redirect_uri, scope, application_id, user_id, created, updated, code_challenge, code_challenge_method, nonce, claims) FROM stdin;
\.


--
-- Data for Name: oauth2_provider_idtoken; Type: TABLE DATA; Schema: public; Owner: themezoz
--

COPY public.oauth2_provider_idtoken (id, jti, expires, scope, created, updated, application_id, user_id) FROM stdin;
\.


--
-- Data for Name: oauth2_provider_refreshtoken; Type: TABLE DATA; Schema: public; Owner: themezoz
--

COPY public.oauth2_provider_refreshtoken (id, token, access_token_id, application_id, user_id, created, updated, revoked) FROM stdin;
\.


--
-- Data for Name: rating_ratingsystem; Type: TABLE DATA; Schema: public; Owner: themezoz
--

COPY public.rating_ratingsystem (id, rating, rate_in, created_at, updated_at, item_id, user_id) FROM stdin;
\.


--
-- Data for Name: sliders_sliderhome; Type: TABLE DATA; Schema: public; Owner: themezoz
--

COPY public.sliders_sliderhome (id, title, description, created_at, image, image_url, updated_at, number_of_views, number_of_clicks, url) FROM stdin;
1	Add Your Items	Add Your Items for free and make us to mage any thisg for your coustomer	2023-11-12 08:41:09.152+00	ecommerce.png	https://www.themezoz.com/media/templates/images/themezoz_adminmart.png	2023-11-12 08:48:32.46+00	0	0	https://www.themezoz.com/templates/admin_page/6
2	make Ads	make add ads for your items to become globle to put in slider and almost pages and in other plateform such as google and facebook ...	2023-11-12 08:42:57.692+00	themezoz_-_chameleon-free-bootstrap-admin-template.png	https://www.themezoz.com/media/templates/images/themezoz_-_AdminLTE_.png	2023-11-12 08:46:46.546+00	0	0	https://www.themezoz.com/templates/admin_page/11
\.


--
-- Data for Name: socialaccount_socialaccount; Type: TABLE DATA; Schema: public; Owner: themezoz
--

COPY public.socialaccount_socialaccount (id, provider, uid, last_login, date_joined, extra_data, user_id) FROM stdin;
1	google	115926495917465073417	2023-12-09 18:17:57.79785+00	2023-12-09 18:17:57.797862+00	{"aud": "194114353107-pvruo5hlgau5pd4s5q6hk0t5kc30rg4k.apps.googleusercontent.com", "azp": "194114353107-pvruo5hlgau5pd4s5q6hk0t5kc30rg4k.apps.googleusercontent.com", "exp": 1702149477, "iat": 1702145877, "iss": "https://accounts.google.com", "sub": "115926495917465073417", "name": "Hamza Banga", "email": "hamzoooz123@gmail.com", "locale": "ar", "at_hash": "o7mTnDgxRolPYsd8CSS46Q", "picture": "https://lh3.googleusercontent.com/a/ACg8ocI4VTFfNs-J10o99H8Lp4G-JbSBHDF--PufLa3fHqhtoA=s96-c", "given_name": "Hamza Banga", "email_verified": true}	7
\.


--
-- Data for Name: socialaccount_socialapp; Type: TABLE DATA; Schema: public; Owner: themezoz
--

COPY public.socialaccount_socialapp (id, provider, name, client_id, secret, key, provider_id, settings) FROM stdin;
\.


--
-- Data for Name: socialaccount_socialapp_sites; Type: TABLE DATA; Schema: public; Owner: themezoz
--

COPY public.socialaccount_socialapp_sites (id, socialapp_id, site_id) FROM stdin;
\.


--
-- Data for Name: socialaccount_socialtoken; Type: TABLE DATA; Schema: public; Owner: themezoz
--

COPY public.socialaccount_socialtoken (id, token, token_secret, expires_at, account_id, app_id) FROM stdin;
\.


--
-- Data for Name: taggit_tag; Type: TABLE DATA; Schema: public; Owner: themezoz
--

COPY public.taggit_tag (id, name, slug) FROM stdin;
\.


--
-- Data for Name: taggit_taggeditem; Type: TABLE DATA; Schema: public; Owner: themezoz
--

COPY public.taggit_taggeditem (id, object_id, content_type_id, tag_id) FROM stdin;
\.


--
-- Data for Name: users_customuser; Type: TABLE DATA; Schema: public; Owner: themezoz
--

COPY public.users_customuser (id, password, last_login, is_superuser, email, username, first_name, last_name, is_staff, is_active, phone, profile_image, description, profile_cover_image, rating, address, city, state, ordered, country, pincode, created_at, updated_at, number_of_templates, number_of_downloads, website, contact_facebook, contact_twitter, number_of_gifts, approved, pro) FROM stdin;
7	!ITlMrXJB75VvhFkw94PGFd0Q2kkod0nw1CfWb6Hw	2023-12-09 18:17:57.815671+00	f	hamzoooz123@gmail.com	hamza_banga	Hamza Banga		f	t	\N	cover-book-quran.jpg	\N	cover-book-quran.jpg	0	\N	\N	\N	\N	\N	\N	2023-12-09 18:17:57.787621+00	2023-12-09 18:17:57.787635+00	0	0	\N	\N	\N	0	f	f
6	pbkdf2_sha256$600000$B3zbGBhEyOCa6KmsI7t3dT$OAjNZxEjEiBNJI+eKkjr2JZX8CAmeQWoPVzCL7ANtWQ=	2023-12-13 04:26:30.211361+00	t	themezoz.com@gmail.com	superuser	hamza	Banga Hamza 	t	t	744859083	cover-book-quran.jpg		cover-book-quran.jpg	0	kampala	\N	NY	\N	Uganda	11461	2023-11-06 14:58:15.664+00	2023-11-14 23:52:10.036+00	0	0	\N	\N	\N	0	f	f
\.


--
-- Data for Name: users_customuser_groups; Type: TABLE DATA; Schema: public; Owner: themezoz
--

COPY public.users_customuser_groups (id, customuser_id, group_id) FROM stdin;
\.


--
-- Data for Name: users_customuser_user_permissions; Type: TABLE DATA; Schema: public; Owner: themezoz
--

COPY public.users_customuser_user_permissions (id, customuser_id, permission_id) FROM stdin;
\.


--
-- Data for Name: wishlist_likeitem; Type: TABLE DATA; Schema: public; Owner: themezoz
--

COPY public.wishlist_likeitem (id, create_at, item_id, user_id) FROM stdin;
\.


--
-- Data for Name: wishlist_wishlist; Type: TABLE DATA; Schema: public; Owner: themezoz
--

COPY public.wishlist_wishlist (id, create_at, item_id, user_id) FROM stdin;
6	2023-11-07 08:20:09.759+00	6	6
\.


--
-- Name: account_emailaddress_id_seq; Type: SEQUENCE SET; Schema: public; Owner: themezoz
--

SELECT pg_catalog.setval('public.account_emailaddress_id_seq', 1, true);


--
-- Name: account_emailconfirmation_id_seq; Type: SEQUENCE SET; Schema: public; Owner: themezoz
--

SELECT pg_catalog.setval('public.account_emailconfirmation_id_seq', 1, false);


--
-- Name: auth_group_id_seq; Type: SEQUENCE SET; Schema: public; Owner: themezoz
--

SELECT pg_catalog.setval('public.auth_group_id_seq', 1, false);


--
-- Name: auth_group_permissions_id_seq; Type: SEQUENCE SET; Schema: public; Owner: themezoz
--

SELECT pg_catalog.setval('public.auth_group_permissions_id_seq', 1, false);


--
-- Name: auth_permission_id_seq; Type: SEQUENCE SET; Schema: public; Owner: themezoz
--

SELECT pg_catalog.setval('public.auth_permission_id_seq', 228, true);


--
-- Name: blog_article_id_seq; Type: SEQUENCE SET; Schema: public; Owner: themezoz
--

SELECT pg_catalog.setval('public.blog_article_id_seq', 1, false);


--
-- Name: blog_category_id_seq; Type: SEQUENCE SET; Schema: public; Owner: themezoz
--

SELECT pg_catalog.setval('public.blog_category_id_seq', 1, true);


--
-- Name: blog_comment_id_seq; Type: SEQUENCE SET; Schema: public; Owner: themezoz
--

SELECT pg_catalog.setval('public.blog_comment_id_seq', 1, false);


--
-- Name: blog_profile_id_seq; Type: SEQUENCE SET; Schema: public; Owner: themezoz
--

SELECT pg_catalog.setval('public.blog_profile_id_seq', 2, true);


--
-- Name: carts_cart_id_seq; Type: SEQUENCE SET; Schema: public; Owner: themezoz
--

SELECT pg_catalog.setval('public.carts_cart_id_seq', 1, false);


--
-- Name: carts_order_id_seq; Type: SEQUENCE SET; Schema: public; Owner: themezoz
--

SELECT pg_catalog.setval('public.carts_order_id_seq', 1, false);


--
-- Name: carts_orderitem_id_seq; Type: SEQUENCE SET; Schema: public; Owner: themezoz
--

SELECT pg_catalog.setval('public.carts_orderitem_id_seq', 1, false);


--
-- Name: core_category_collections_id_seq; Type: SEQUENCE SET; Schema: public; Owner: themezoz
--

SELECT pg_catalog.setval('public.core_category_collections_id_seq', 19, true);


--
-- Name: core_category_id_seq; Type: SEQUENCE SET; Schema: public; Owner: themezoz
--

SELECT pg_catalog.setval('public.core_category_id_seq', 12, true);


--
-- Name: core_collections_id_seq; Type: SEQUENCE SET; Schema: public; Owner: themezoz
--

SELECT pg_catalog.setval('public.core_collections_id_seq', 7, true);


--
-- Name: core_contact_us_id_seq; Type: SEQUENCE SET; Schema: public; Owner: themezoz
--

SELECT pg_catalog.setval('public.core_contact_us_id_seq', 1, false);


--
-- Name: core_item_category_id_seq; Type: SEQUENCE SET; Schema: public; Owner: themezoz
--

SELECT pg_catalog.setval('public.core_item_category_id_seq', 129, true);


--
-- Name: core_item_id_seq; Type: SEQUENCE SET; Schema: public; Owner: themezoz
--

SELECT pg_catalog.setval('public.core_item_id_seq', 62, true);


--
-- Name: core_item_subcategory_id_seq; Type: SEQUENCE SET; Schema: public; Owner: themezoz
--

SELECT pg_catalog.setval('public.core_item_subcategory_id_seq', 245, true);


--
-- Name: core_myfav_id_seq; Type: SEQUENCE SET; Schema: public; Owner: themezoz
--

SELECT pg_catalog.setval('public.core_myfav_id_seq', 1, false);


--
-- Name: core_socialmedia_id_seq; Type: SEQUENCE SET; Schema: public; Owner: themezoz
--

SELECT pg_catalog.setval('public.core_socialmedia_id_seq', 1, false);


--
-- Name: core_subcategory_category_id_seq; Type: SEQUENCE SET; Schema: public; Owner: themezoz
--

SELECT pg_catalog.setval('public.core_subcategory_category_id_seq', 60, true);


--
-- Name: core_subcategory_id_seq; Type: SEQUENCE SET; Schema: public; Owner: themezoz
--

SELECT pg_catalog.setval('public.core_subcategory_id_seq', 10, true);


--
-- Name: django_admin_log_id_seq; Type: SEQUENCE SET; Schema: public; Owner: themezoz
--

SELECT pg_catalog.setval('public.django_admin_log_id_seq', 162, true);


--
-- Name: django_content_type_id_seq; Type: SEQUENCE SET; Schema: public; Owner: themezoz
--

SELECT pg_catalog.setval('public.django_content_type_id_seq', 37, true);


--
-- Name: django_migrations_id_seq; Type: SEQUENCE SET; Schema: public; Owner: themezoz
--

SELECT pg_catalog.setval('public.django_migrations_id_seq', 56, true);


--
-- Name: django_site_id_seq; Type: SEQUENCE SET; Schema: public; Owner: themezoz
--

SELECT pg_catalog.setval('public.django_site_id_seq', 1, true);


--
-- Name: oauth2_provider_accesstoken_id_seq; Type: SEQUENCE SET; Schema: public; Owner: themezoz
--

SELECT pg_catalog.setval('public.oauth2_provider_accesstoken_id_seq', 1, false);


--
-- Name: oauth2_provider_application_id_seq; Type: SEQUENCE SET; Schema: public; Owner: themezoz
--

SELECT pg_catalog.setval('public.oauth2_provider_application_id_seq', 1, false);


--
-- Name: oauth2_provider_grant_id_seq; Type: SEQUENCE SET; Schema: public; Owner: themezoz
--

SELECT pg_catalog.setval('public.oauth2_provider_grant_id_seq', 1, false);


--
-- Name: oauth2_provider_idtoken_id_seq; Type: SEQUENCE SET; Schema: public; Owner: themezoz
--

SELECT pg_catalog.setval('public.oauth2_provider_idtoken_id_seq', 1, false);


--
-- Name: oauth2_provider_refreshtoken_id_seq; Type: SEQUENCE SET; Schema: public; Owner: themezoz
--

SELECT pg_catalog.setval('public.oauth2_provider_refreshtoken_id_seq', 1, false);


--
-- Name: rating_ratingsystem_id_seq; Type: SEQUENCE SET; Schema: public; Owner: themezoz
--

SELECT pg_catalog.setval('public.rating_ratingsystem_id_seq', 1, false);


--
-- Name: sliders_sliderhome_id_seq; Type: SEQUENCE SET; Schema: public; Owner: themezoz
--

SELECT pg_catalog.setval('public.sliders_sliderhome_id_seq', 2, true);


--
-- Name: socialaccount_socialaccount_id_seq; Type: SEQUENCE SET; Schema: public; Owner: themezoz
--

SELECT pg_catalog.setval('public.socialaccount_socialaccount_id_seq', 1, true);


--
-- Name: socialaccount_socialapp_id_seq; Type: SEQUENCE SET; Schema: public; Owner: themezoz
--

SELECT pg_catalog.setval('public.socialaccount_socialapp_id_seq', 1, false);


--
-- Name: socialaccount_socialapp_sites_id_seq; Type: SEQUENCE SET; Schema: public; Owner: themezoz
--

SELECT pg_catalog.setval('public.socialaccount_socialapp_sites_id_seq', 1, false);


--
-- Name: socialaccount_socialtoken_id_seq; Type: SEQUENCE SET; Schema: public; Owner: themezoz
--

SELECT pg_catalog.setval('public.socialaccount_socialtoken_id_seq', 1, false);


--
-- Name: taggit_tag_id_seq; Type: SEQUENCE SET; Schema: public; Owner: themezoz
--

SELECT pg_catalog.setval('public.taggit_tag_id_seq', 1, false);


--
-- Name: taggit_taggeditem_id_seq; Type: SEQUENCE SET; Schema: public; Owner: themezoz
--

SELECT pg_catalog.setval('public.taggit_taggeditem_id_seq', 1, false);


--
-- Name: users_customuser_groups_id_seq; Type: SEQUENCE SET; Schema: public; Owner: themezoz
--

SELECT pg_catalog.setval('public.users_customuser_groups_id_seq', 1, false);


--
-- Name: users_customuser_id_seq; Type: SEQUENCE SET; Schema: public; Owner: themezoz
--

SELECT pg_catalog.setval('public.users_customuser_id_seq', 7, true);


--
-- Name: users_customuser_user_permissions_id_seq; Type: SEQUENCE SET; Schema: public; Owner: themezoz
--

SELECT pg_catalog.setval('public.users_customuser_user_permissions_id_seq', 1, false);


--
-- Name: wishlist_likeitem_id_seq; Type: SEQUENCE SET; Schema: public; Owner: themezoz
--

SELECT pg_catalog.setval('public.wishlist_likeitem_id_seq', 1, false);


--
-- Name: wishlist_wishlist_id_seq; Type: SEQUENCE SET; Schema: public; Owner: themezoz
--

SELECT pg_catalog.setval('public.wishlist_wishlist_id_seq', 6, true);


--
-- Name: account_emailaddress account_emailaddress_pkey; Type: CONSTRAINT; Schema: public; Owner: themezoz
--

ALTER TABLE ONLY public.account_emailaddress
    ADD CONSTRAINT account_emailaddress_pkey PRIMARY KEY (id);


--
-- Name: account_emailaddress account_emailaddress_user_id_email_987c8728_uniq; Type: CONSTRAINT; Schema: public; Owner: themezoz
--

ALTER TABLE ONLY public.account_emailaddress
    ADD CONSTRAINT account_emailaddress_user_id_email_987c8728_uniq UNIQUE (user_id, email);


--
-- Name: account_emailconfirmation account_emailconfirmation_key_key; Type: CONSTRAINT; Schema: public; Owner: themezoz
--

ALTER TABLE ONLY public.account_emailconfirmation
    ADD CONSTRAINT account_emailconfirmation_key_key UNIQUE (key);


--
-- Name: account_emailconfirmation account_emailconfirmation_pkey; Type: CONSTRAINT; Schema: public; Owner: themezoz
--

ALTER TABLE ONLY public.account_emailconfirmation
    ADD CONSTRAINT account_emailconfirmation_pkey PRIMARY KEY (id);


--
-- Name: auth_group auth_group_name_key; Type: CONSTRAINT; Schema: public; Owner: themezoz
--

ALTER TABLE ONLY public.auth_group
    ADD CONSTRAINT auth_group_name_key UNIQUE (name);


--
-- Name: auth_group_permissions auth_group_permissions_group_id_permission_id_0cd325b0_uniq; Type: CONSTRAINT; Schema: public; Owner: themezoz
--

ALTER TABLE ONLY public.auth_group_permissions
    ADD CONSTRAINT auth_group_permissions_group_id_permission_id_0cd325b0_uniq UNIQUE (group_id, permission_id);


--
-- Name: auth_group_permissions auth_group_permissions_pkey; Type: CONSTRAINT; Schema: public; Owner: themezoz
--

ALTER TABLE ONLY public.auth_group_permissions
    ADD CONSTRAINT auth_group_permissions_pkey PRIMARY KEY (id);


--
-- Name: auth_group auth_group_pkey; Type: CONSTRAINT; Schema: public; Owner: themezoz
--

ALTER TABLE ONLY public.auth_group
    ADD CONSTRAINT auth_group_pkey PRIMARY KEY (id);


--
-- Name: auth_permission auth_permission_content_type_id_codename_01ab375a_uniq; Type: CONSTRAINT; Schema: public; Owner: themezoz
--

ALTER TABLE ONLY public.auth_permission
    ADD CONSTRAINT auth_permission_content_type_id_codename_01ab375a_uniq UNIQUE (content_type_id, codename);


--
-- Name: auth_permission auth_permission_pkey; Type: CONSTRAINT; Schema: public; Owner: themezoz
--

ALTER TABLE ONLY public.auth_permission
    ADD CONSTRAINT auth_permission_pkey PRIMARY KEY (id);


--
-- Name: blog_article blog_article_pkey; Type: CONSTRAINT; Schema: public; Owner: themezoz
--

ALTER TABLE ONLY public.blog_article
    ADD CONSTRAINT blog_article_pkey PRIMARY KEY (id);


--
-- Name: blog_article blog_article_title_3c514952_uniq; Type: CONSTRAINT; Schema: public; Owner: themezoz
--

ALTER TABLE ONLY public.blog_article
    ADD CONSTRAINT blog_article_title_3c514952_uniq UNIQUE (title);


--
-- Name: blog_category blog_category_name_92eb1483_uniq; Type: CONSTRAINT; Schema: public; Owner: themezoz
--

ALTER TABLE ONLY public.blog_category
    ADD CONSTRAINT blog_category_name_92eb1483_uniq UNIQUE (name);


--
-- Name: blog_category blog_category_pkey; Type: CONSTRAINT; Schema: public; Owner: themezoz
--

ALTER TABLE ONLY public.blog_category
    ADD CONSTRAINT blog_category_pkey PRIMARY KEY (id);


--
-- Name: blog_comment blog_comment_pkey; Type: CONSTRAINT; Schema: public; Owner: themezoz
--

ALTER TABLE ONLY public.blog_comment
    ADD CONSTRAINT blog_comment_pkey PRIMARY KEY (id);


--
-- Name: blog_profile blog_profile_pkey; Type: CONSTRAINT; Schema: public; Owner: themezoz
--

ALTER TABLE ONLY public.blog_profile
    ADD CONSTRAINT blog_profile_pkey PRIMARY KEY (id);


--
-- Name: blog_profile blog_profile_user_id_key; Type: CONSTRAINT; Schema: public; Owner: themezoz
--

ALTER TABLE ONLY public.blog_profile
    ADD CONSTRAINT blog_profile_user_id_key UNIQUE (user_id);


--
-- Name: carts_cart carts_cart_pkey; Type: CONSTRAINT; Schema: public; Owner: themezoz
--

ALTER TABLE ONLY public.carts_cart
    ADD CONSTRAINT carts_cart_pkey PRIMARY KEY (id);


--
-- Name: carts_order carts_order_pkey; Type: CONSTRAINT; Schema: public; Owner: themezoz
--

ALTER TABLE ONLY public.carts_order
    ADD CONSTRAINT carts_order_pkey PRIMARY KEY (id);


--
-- Name: carts_orderitem carts_orderitem_pkey; Type: CONSTRAINT; Schema: public; Owner: themezoz
--

ALTER TABLE ONLY public.carts_orderitem
    ADD CONSTRAINT carts_orderitem_pkey PRIMARY KEY (id);


--
-- Name: core_category_collections core_category_collection_category_id_collections__8efe641a_uniq; Type: CONSTRAINT; Schema: public; Owner: themezoz
--

ALTER TABLE ONLY public.core_category_collections
    ADD CONSTRAINT core_category_collection_category_id_collections__8efe641a_uniq UNIQUE (category_id, collections_id);


--
-- Name: core_category_collections core_category_collections_pkey; Type: CONSTRAINT; Schema: public; Owner: themezoz
--

ALTER TABLE ONLY public.core_category_collections
    ADD CONSTRAINT core_category_collections_pkey PRIMARY KEY (id);


--
-- Name: core_category core_category_pkey; Type: CONSTRAINT; Schema: public; Owner: themezoz
--

ALTER TABLE ONLY public.core_category
    ADD CONSTRAINT core_category_pkey PRIMARY KEY (id);


--
-- Name: core_collections core_collections_pkey; Type: CONSTRAINT; Schema: public; Owner: themezoz
--

ALTER TABLE ONLY public.core_collections
    ADD CONSTRAINT core_collections_pkey PRIMARY KEY (id);


--
-- Name: core_contact_us core_contact_us_pkey; Type: CONSTRAINT; Schema: public; Owner: themezoz
--

ALTER TABLE ONLY public.core_contact_us
    ADD CONSTRAINT core_contact_us_pkey PRIMARY KEY (id);


--
-- Name: core_item_category core_item_category_item_id_category_id_0854b483_uniq; Type: CONSTRAINT; Schema: public; Owner: themezoz
--

ALTER TABLE ONLY public.core_item_category
    ADD CONSTRAINT core_item_category_item_id_category_id_0854b483_uniq UNIQUE (item_id, category_id);


--
-- Name: core_item_category core_item_category_pkey; Type: CONSTRAINT; Schema: public; Owner: themezoz
--

ALTER TABLE ONLY public.core_item_category
    ADD CONSTRAINT core_item_category_pkey PRIMARY KEY (id);


--
-- Name: core_item core_item_pkey; Type: CONSTRAINT; Schema: public; Owner: themezoz
--

ALTER TABLE ONLY public.core_item
    ADD CONSTRAINT core_item_pkey PRIMARY KEY (id);


--
-- Name: core_item core_item_slug_key; Type: CONSTRAINT; Schema: public; Owner: themezoz
--

ALTER TABLE ONLY public.core_item
    ADD CONSTRAINT core_item_slug_key UNIQUE (slug);


--
-- Name: core_item_subcategory core_item_subcategory_item_id_subcategory_id_74ac12af_uniq; Type: CONSTRAINT; Schema: public; Owner: themezoz
--

ALTER TABLE ONLY public.core_item_subcategory
    ADD CONSTRAINT core_item_subcategory_item_id_subcategory_id_74ac12af_uniq UNIQUE (item_id, subcategory_id);


--
-- Name: core_item_subcategory core_item_subcategory_pkey; Type: CONSTRAINT; Schema: public; Owner: themezoz
--

ALTER TABLE ONLY public.core_item_subcategory
    ADD CONSTRAINT core_item_subcategory_pkey PRIMARY KEY (id);


--
-- Name: core_myfav core_myfav_pkey; Type: CONSTRAINT; Schema: public; Owner: themezoz
--

ALTER TABLE ONLY public.core_myfav
    ADD CONSTRAINT core_myfav_pkey PRIMARY KEY (id);


--
-- Name: core_socialmedia core_socialmedia_pkey; Type: CONSTRAINT; Schema: public; Owner: themezoz
--

ALTER TABLE ONLY public.core_socialmedia
    ADD CONSTRAINT core_socialmedia_pkey PRIMARY KEY (id);


--
-- Name: core_subcategory_category core_subcategory_categor_subcategory_id_category__0bffde04_uniq; Type: CONSTRAINT; Schema: public; Owner: themezoz
--

ALTER TABLE ONLY public.core_subcategory_category
    ADD CONSTRAINT core_subcategory_categor_subcategory_id_category__0bffde04_uniq UNIQUE (subcategory_id, category_id);


--
-- Name: core_subcategory_category core_subcategory_category_pkey; Type: CONSTRAINT; Schema: public; Owner: themezoz
--

ALTER TABLE ONLY public.core_subcategory_category
    ADD CONSTRAINT core_subcategory_category_pkey PRIMARY KEY (id);


--
-- Name: core_subcategory core_subcategory_pkey; Type: CONSTRAINT; Schema: public; Owner: themezoz
--

ALTER TABLE ONLY public.core_subcategory
    ADD CONSTRAINT core_subcategory_pkey PRIMARY KEY (id);


--
-- Name: django_admin_log django_admin_log_pkey; Type: CONSTRAINT; Schema: public; Owner: themezoz
--

ALTER TABLE ONLY public.django_admin_log
    ADD CONSTRAINT django_admin_log_pkey PRIMARY KEY (id);


--
-- Name: django_content_type django_content_type_app_label_model_76bd3d3b_uniq; Type: CONSTRAINT; Schema: public; Owner: themezoz
--

ALTER TABLE ONLY public.django_content_type
    ADD CONSTRAINT django_content_type_app_label_model_76bd3d3b_uniq UNIQUE (app_label, model);


--
-- Name: django_content_type django_content_type_pkey; Type: CONSTRAINT; Schema: public; Owner: themezoz
--

ALTER TABLE ONLY public.django_content_type
    ADD CONSTRAINT django_content_type_pkey PRIMARY KEY (id);


--
-- Name: django_migrations django_migrations_pkey; Type: CONSTRAINT; Schema: public; Owner: themezoz
--

ALTER TABLE ONLY public.django_migrations
    ADD CONSTRAINT django_migrations_pkey PRIMARY KEY (id);


--
-- Name: django_session django_session_pkey; Type: CONSTRAINT; Schema: public; Owner: themezoz
--

ALTER TABLE ONLY public.django_session
    ADD CONSTRAINT django_session_pkey PRIMARY KEY (session_key);


--
-- Name: django_site django_site_domain_a2e37b91_uniq; Type: CONSTRAINT; Schema: public; Owner: themezoz
--

ALTER TABLE ONLY public.django_site
    ADD CONSTRAINT django_site_domain_a2e37b91_uniq UNIQUE (domain);


--
-- Name: django_site django_site_pkey; Type: CONSTRAINT; Schema: public; Owner: themezoz
--

ALTER TABLE ONLY public.django_site
    ADD CONSTRAINT django_site_pkey PRIMARY KEY (id);


--
-- Name: oauth2_provider_accesstoken oauth2_provider_accesstoken_id_token_id_key; Type: CONSTRAINT; Schema: public; Owner: themezoz
--

ALTER TABLE ONLY public.oauth2_provider_accesstoken
    ADD CONSTRAINT oauth2_provider_accesstoken_id_token_id_key UNIQUE (id_token_id);


--
-- Name: oauth2_provider_accesstoken oauth2_provider_accesstoken_pkey; Type: CONSTRAINT; Schema: public; Owner: themezoz
--

ALTER TABLE ONLY public.oauth2_provider_accesstoken
    ADD CONSTRAINT oauth2_provider_accesstoken_pkey PRIMARY KEY (id);


--
-- Name: oauth2_provider_accesstoken oauth2_provider_accesstoken_source_refresh_token_id_key; Type: CONSTRAINT; Schema: public; Owner: themezoz
--

ALTER TABLE ONLY public.oauth2_provider_accesstoken
    ADD CONSTRAINT oauth2_provider_accesstoken_source_refresh_token_id_key UNIQUE (source_refresh_token_id);


--
-- Name: oauth2_provider_accesstoken oauth2_provider_accesstoken_token_key; Type: CONSTRAINT; Schema: public; Owner: themezoz
--

ALTER TABLE ONLY public.oauth2_provider_accesstoken
    ADD CONSTRAINT oauth2_provider_accesstoken_token_key UNIQUE (token);


--
-- Name: oauth2_provider_application oauth2_provider_application_client_id_key; Type: CONSTRAINT; Schema: public; Owner: themezoz
--

ALTER TABLE ONLY public.oauth2_provider_application
    ADD CONSTRAINT oauth2_provider_application_client_id_key UNIQUE (client_id);


--
-- Name: oauth2_provider_application oauth2_provider_application_pkey; Type: CONSTRAINT; Schema: public; Owner: themezoz
--

ALTER TABLE ONLY public.oauth2_provider_application
    ADD CONSTRAINT oauth2_provider_application_pkey PRIMARY KEY (id);


--
-- Name: oauth2_provider_grant oauth2_provider_grant_code_key; Type: CONSTRAINT; Schema: public; Owner: themezoz
--

ALTER TABLE ONLY public.oauth2_provider_grant
    ADD CONSTRAINT oauth2_provider_grant_code_key UNIQUE (code);


--
-- Name: oauth2_provider_grant oauth2_provider_grant_pkey; Type: CONSTRAINT; Schema: public; Owner: themezoz
--

ALTER TABLE ONLY public.oauth2_provider_grant
    ADD CONSTRAINT oauth2_provider_grant_pkey PRIMARY KEY (id);


--
-- Name: oauth2_provider_idtoken oauth2_provider_idtoken_jti_key; Type: CONSTRAINT; Schema: public; Owner: themezoz
--

ALTER TABLE ONLY public.oauth2_provider_idtoken
    ADD CONSTRAINT oauth2_provider_idtoken_jti_key UNIQUE (jti);


--
-- Name: oauth2_provider_idtoken oauth2_provider_idtoken_pkey; Type: CONSTRAINT; Schema: public; Owner: themezoz
--

ALTER TABLE ONLY public.oauth2_provider_idtoken
    ADD CONSTRAINT oauth2_provider_idtoken_pkey PRIMARY KEY (id);


--
-- Name: oauth2_provider_refreshtoken oauth2_provider_refreshtoken_access_token_id_key; Type: CONSTRAINT; Schema: public; Owner: themezoz
--

ALTER TABLE ONLY public.oauth2_provider_refreshtoken
    ADD CONSTRAINT oauth2_provider_refreshtoken_access_token_id_key UNIQUE (access_token_id);


--
-- Name: oauth2_provider_refreshtoken oauth2_provider_refreshtoken_pkey; Type: CONSTRAINT; Schema: public; Owner: themezoz
--

ALTER TABLE ONLY public.oauth2_provider_refreshtoken
    ADD CONSTRAINT oauth2_provider_refreshtoken_pkey PRIMARY KEY (id);


--
-- Name: oauth2_provider_refreshtoken oauth2_provider_refreshtoken_token_revoked_af8a5134_uniq; Type: CONSTRAINT; Schema: public; Owner: themezoz
--

ALTER TABLE ONLY public.oauth2_provider_refreshtoken
    ADD CONSTRAINT oauth2_provider_refreshtoken_token_revoked_af8a5134_uniq UNIQUE (token, revoked);


--
-- Name: rating_ratingsystem rating_ratingsystem_pkey; Type: CONSTRAINT; Schema: public; Owner: themezoz
--

ALTER TABLE ONLY public.rating_ratingsystem
    ADD CONSTRAINT rating_ratingsystem_pkey PRIMARY KEY (id);


--
-- Name: sliders_sliderhome sliders_sliderhome_pkey; Type: CONSTRAINT; Schema: public; Owner: themezoz
--

ALTER TABLE ONLY public.sliders_sliderhome
    ADD CONSTRAINT sliders_sliderhome_pkey PRIMARY KEY (id);


--
-- Name: socialaccount_socialaccount socialaccount_socialaccount_pkey; Type: CONSTRAINT; Schema: public; Owner: themezoz
--

ALTER TABLE ONLY public.socialaccount_socialaccount
    ADD CONSTRAINT socialaccount_socialaccount_pkey PRIMARY KEY (id);


--
-- Name: socialaccount_socialaccount socialaccount_socialaccount_provider_uid_fc810c6e_uniq; Type: CONSTRAINT; Schema: public; Owner: themezoz
--

ALTER TABLE ONLY public.socialaccount_socialaccount
    ADD CONSTRAINT socialaccount_socialaccount_provider_uid_fc810c6e_uniq UNIQUE (provider, uid);


--
-- Name: socialaccount_socialapp_sites socialaccount_socialapp__socialapp_id_site_id_71a9a768_uniq; Type: CONSTRAINT; Schema: public; Owner: themezoz
--

ALTER TABLE ONLY public.socialaccount_socialapp_sites
    ADD CONSTRAINT socialaccount_socialapp__socialapp_id_site_id_71a9a768_uniq UNIQUE (socialapp_id, site_id);


--
-- Name: socialaccount_socialapp socialaccount_socialapp_pkey; Type: CONSTRAINT; Schema: public; Owner: themezoz
--

ALTER TABLE ONLY public.socialaccount_socialapp
    ADD CONSTRAINT socialaccount_socialapp_pkey PRIMARY KEY (id);


--
-- Name: socialaccount_socialapp_sites socialaccount_socialapp_sites_pkey; Type: CONSTRAINT; Schema: public; Owner: themezoz
--

ALTER TABLE ONLY public.socialaccount_socialapp_sites
    ADD CONSTRAINT socialaccount_socialapp_sites_pkey PRIMARY KEY (id);


--
-- Name: socialaccount_socialtoken socialaccount_socialtoken_app_id_account_id_fca4e0ac_uniq; Type: CONSTRAINT; Schema: public; Owner: themezoz
--

ALTER TABLE ONLY public.socialaccount_socialtoken
    ADD CONSTRAINT socialaccount_socialtoken_app_id_account_id_fca4e0ac_uniq UNIQUE (app_id, account_id);


--
-- Name: socialaccount_socialtoken socialaccount_socialtoken_pkey; Type: CONSTRAINT; Schema: public; Owner: themezoz
--

ALTER TABLE ONLY public.socialaccount_socialtoken
    ADD CONSTRAINT socialaccount_socialtoken_pkey PRIMARY KEY (id);


--
-- Name: taggit_tag taggit_tag_name_key; Type: CONSTRAINT; Schema: public; Owner: themezoz
--

ALTER TABLE ONLY public.taggit_tag
    ADD CONSTRAINT taggit_tag_name_key UNIQUE (name);


--
-- Name: taggit_tag taggit_tag_pkey; Type: CONSTRAINT; Schema: public; Owner: themezoz
--

ALTER TABLE ONLY public.taggit_tag
    ADD CONSTRAINT taggit_tag_pkey PRIMARY KEY (id);


--
-- Name: taggit_tag taggit_tag_slug_key; Type: CONSTRAINT; Schema: public; Owner: themezoz
--

ALTER TABLE ONLY public.taggit_tag
    ADD CONSTRAINT taggit_tag_slug_key UNIQUE (slug);


--
-- Name: taggit_taggeditem taggit_taggeditem_content_type_id_object_id_tag_id_4bb97a8e_uni; Type: CONSTRAINT; Schema: public; Owner: themezoz
--

ALTER TABLE ONLY public.taggit_taggeditem
    ADD CONSTRAINT taggit_taggeditem_content_type_id_object_id_tag_id_4bb97a8e_uni UNIQUE (content_type_id, object_id, tag_id);


--
-- Name: taggit_taggeditem taggit_taggeditem_pkey; Type: CONSTRAINT; Schema: public; Owner: themezoz
--

ALTER TABLE ONLY public.taggit_taggeditem
    ADD CONSTRAINT taggit_taggeditem_pkey PRIMARY KEY (id);


--
-- Name: users_customuser users_customuser_email_key; Type: CONSTRAINT; Schema: public; Owner: themezoz
--

ALTER TABLE ONLY public.users_customuser
    ADD CONSTRAINT users_customuser_email_key UNIQUE (email);


--
-- Name: users_customuser_groups users_customuser_groups_customuser_id_group_id_76b619e3_uniq; Type: CONSTRAINT; Schema: public; Owner: themezoz
--

ALTER TABLE ONLY public.users_customuser_groups
    ADD CONSTRAINT users_customuser_groups_customuser_id_group_id_76b619e3_uniq UNIQUE (customuser_id, group_id);


--
-- Name: users_customuser_groups users_customuser_groups_pkey; Type: CONSTRAINT; Schema: public; Owner: themezoz
--

ALTER TABLE ONLY public.users_customuser_groups
    ADD CONSTRAINT users_customuser_groups_pkey PRIMARY KEY (id);


--
-- Name: users_customuser users_customuser_pkey; Type: CONSTRAINT; Schema: public; Owner: themezoz
--

ALTER TABLE ONLY public.users_customuser
    ADD CONSTRAINT users_customuser_pkey PRIMARY KEY (id);


--
-- Name: users_customuser_user_permissions users_customuser_user_pe_customuser_id_permission_7a7debf6_uniq; Type: CONSTRAINT; Schema: public; Owner: themezoz
--

ALTER TABLE ONLY public.users_customuser_user_permissions
    ADD CONSTRAINT users_customuser_user_pe_customuser_id_permission_7a7debf6_uniq UNIQUE (customuser_id, permission_id);


--
-- Name: users_customuser_user_permissions users_customuser_user_permissions_pkey; Type: CONSTRAINT; Schema: public; Owner: themezoz
--

ALTER TABLE ONLY public.users_customuser_user_permissions
    ADD CONSTRAINT users_customuser_user_permissions_pkey PRIMARY KEY (id);


--
-- Name: users_customuser users_customuser_username_key; Type: CONSTRAINT; Schema: public; Owner: themezoz
--

ALTER TABLE ONLY public.users_customuser
    ADD CONSTRAINT users_customuser_username_key UNIQUE (username);


--
-- Name: wishlist_likeitem wishlist_likeitem_pkey; Type: CONSTRAINT; Schema: public; Owner: themezoz
--

ALTER TABLE ONLY public.wishlist_likeitem
    ADD CONSTRAINT wishlist_likeitem_pkey PRIMARY KEY (id);


--
-- Name: wishlist_wishlist wishlist_wishlist_pkey; Type: CONSTRAINT; Schema: public; Owner: themezoz
--

ALTER TABLE ONLY public.wishlist_wishlist
    ADD CONSTRAINT wishlist_wishlist_pkey PRIMARY KEY (id);


--
-- Name: account_emailaddress_upper; Type: INDEX; Schema: public; Owner: themezoz
--

CREATE INDEX account_emailaddress_upper ON public.account_emailaddress USING btree (upper((email)::text));


--
-- Name: account_emailaddress_user_id_2c513194; Type: INDEX; Schema: public; Owner: themezoz
--

CREATE INDEX account_emailaddress_user_id_2c513194 ON public.account_emailaddress USING btree (user_id);


--
-- Name: account_emailconfirmation_email_address_id_5b7f8c58; Type: INDEX; Schema: public; Owner: themezoz
--

CREATE INDEX account_emailconfirmation_email_address_id_5b7f8c58 ON public.account_emailconfirmation USING btree (email_address_id);


--
-- Name: account_emailconfirmation_key_f43612bd_like; Type: INDEX; Schema: public; Owner: themezoz
--

CREATE INDEX account_emailconfirmation_key_f43612bd_like ON public.account_emailconfirmation USING btree (key varchar_pattern_ops);


--
-- Name: auth_group_name_a6ea08ec_like; Type: INDEX; Schema: public; Owner: themezoz
--

CREATE INDEX auth_group_name_a6ea08ec_like ON public.auth_group USING btree (name varchar_pattern_ops);


--
-- Name: auth_group_permissions_group_id_b120cbf9; Type: INDEX; Schema: public; Owner: themezoz
--

CREATE INDEX auth_group_permissions_group_id_b120cbf9 ON public.auth_group_permissions USING btree (group_id);


--
-- Name: auth_group_permissions_permission_id_84c5c92e; Type: INDEX; Schema: public; Owner: themezoz
--

CREATE INDEX auth_group_permissions_permission_id_84c5c92e ON public.auth_group_permissions USING btree (permission_id);


--
-- Name: auth_permission_content_type_id_2f476e4b; Type: INDEX; Schema: public; Owner: themezoz
--

CREATE INDEX auth_permission_content_type_id_2f476e4b ON public.auth_permission USING btree (content_type_id);


--
-- Name: blog_article_author_id_905add38; Type: INDEX; Schema: public; Owner: themezoz
--

CREATE INDEX blog_article_author_id_905add38 ON public.blog_article USING btree (author_id);


--
-- Name: blog_article_category_id_7e38f15e; Type: INDEX; Schema: public; Owner: themezoz
--

CREATE INDEX blog_article_category_id_7e38f15e ON public.blog_article USING btree (category_id);


--
-- Name: blog_article_slug_c3fca16d; Type: INDEX; Schema: public; Owner: themezoz
--

CREATE INDEX blog_article_slug_c3fca16d ON public.blog_article USING btree (slug);


--
-- Name: blog_article_slug_c3fca16d_like; Type: INDEX; Schema: public; Owner: themezoz
--

CREATE INDEX blog_article_slug_c3fca16d_like ON public.blog_article USING btree (slug varchar_pattern_ops);


--
-- Name: blog_category_slug_92643dc5; Type: INDEX; Schema: public; Owner: themezoz
--

CREATE INDEX blog_category_slug_92643dc5 ON public.blog_category USING btree (slug);


--
-- Name: blog_category_slug_92643dc5_like; Type: INDEX; Schema: public; Owner: themezoz
--

CREATE INDEX blog_category_slug_92643dc5_like ON public.blog_category USING btree (slug varchar_pattern_ops);


--
-- Name: blog_comment_article_id_3d58bca6; Type: INDEX; Schema: public; Owner: themezoz
--

CREATE INDEX blog_comment_article_id_3d58bca6 ON public.blog_comment USING btree (article_id);


--
-- Name: carts_cart_item_id_68618cd9; Type: INDEX; Schema: public; Owner: themezoz
--

CREATE INDEX carts_cart_item_id_68618cd9 ON public.carts_cart USING btree (item_id);


--
-- Name: carts_cart_user_id_bd0756c7; Type: INDEX; Schema: public; Owner: themezoz
--

CREATE INDEX carts_cart_user_id_bd0756c7 ON public.carts_cart USING btree (user_id);


--
-- Name: carts_order_user_id_016ce4a7; Type: INDEX; Schema: public; Owner: themezoz
--

CREATE INDEX carts_order_user_id_016ce4a7 ON public.carts_order USING btree (user_id);


--
-- Name: carts_orderitem_item_id_ea28b7b5; Type: INDEX; Schema: public; Owner: themezoz
--

CREATE INDEX carts_orderitem_item_id_ea28b7b5 ON public.carts_orderitem USING btree (item_id);


--
-- Name: carts_orderitem_order_id_a7a4df7c; Type: INDEX; Schema: public; Owner: themezoz
--

CREATE INDEX carts_orderitem_order_id_a7a4df7c ON public.carts_orderitem USING btree (order_id);


--
-- Name: core_category_collections_category_id_9c80f6c2; Type: INDEX; Schema: public; Owner: themezoz
--

CREATE INDEX core_category_collections_category_id_9c80f6c2 ON public.core_category_collections USING btree (category_id);


--
-- Name: core_category_collections_collections_id_e8f3d343; Type: INDEX; Schema: public; Owner: themezoz
--

CREATE INDEX core_category_collections_collections_id_e8f3d343 ON public.core_category_collections USING btree (collections_id);


--
-- Name: core_category_created_by_id_73f6d4e8; Type: INDEX; Schema: public; Owner: themezoz
--

CREATE INDEX core_category_created_by_id_73f6d4e8 ON public.core_category USING btree (created_by_id);


--
-- Name: core_category_slug_384eca9c; Type: INDEX; Schema: public; Owner: themezoz
--

CREATE INDEX core_category_slug_384eca9c ON public.core_category USING btree (slug);


--
-- Name: core_category_slug_384eca9c_like; Type: INDEX; Schema: public; Owner: themezoz
--

CREATE INDEX core_category_slug_384eca9c_like ON public.core_category USING btree (slug varchar_pattern_ops);


--
-- Name: core_collections_created_by_id_1ae1da54; Type: INDEX; Schema: public; Owner: themezoz
--

CREATE INDEX core_collections_created_by_id_1ae1da54 ON public.core_collections USING btree (created_by_id);


--
-- Name: core_collections_slug_640a5062; Type: INDEX; Schema: public; Owner: themezoz
--

CREATE INDEX core_collections_slug_640a5062 ON public.core_collections USING btree (slug);


--
-- Name: core_collections_slug_640a5062_like; Type: INDEX; Schema: public; Owner: themezoz
--

CREATE INDEX core_collections_slug_640a5062_like ON public.core_collections USING btree (slug varchar_pattern_ops);


--
-- Name: core_item_category_category_id_941bfee9; Type: INDEX; Schema: public; Owner: themezoz
--

CREATE INDEX core_item_category_category_id_941bfee9 ON public.core_item_category USING btree (category_id);


--
-- Name: core_item_category_item_id_02569885; Type: INDEX; Schema: public; Owner: themezoz
--

CREATE INDEX core_item_category_item_id_02569885 ON public.core_item_category USING btree (item_id);


--
-- Name: core_item_slug_07f502d0_like; Type: INDEX; Schema: public; Owner: themezoz
--

CREATE INDEX core_item_slug_07f502d0_like ON public.core_item USING btree (slug varchar_pattern_ops);


--
-- Name: core_item_subcategory_item_id_121a926c; Type: INDEX; Schema: public; Owner: themezoz
--

CREATE INDEX core_item_subcategory_item_id_121a926c ON public.core_item_subcategory USING btree (item_id);


--
-- Name: core_item_subcategory_subcategory_id_74148d13; Type: INDEX; Schema: public; Owner: themezoz
--

CREATE INDEX core_item_subcategory_subcategory_id_74148d13 ON public.core_item_subcategory USING btree (subcategory_id);


--
-- Name: core_item_user_id_71161597; Type: INDEX; Schema: public; Owner: themezoz
--

CREATE INDEX core_item_user_id_71161597 ON public.core_item USING btree (user_id);


--
-- Name: core_myfav_item_id_ac3be567; Type: INDEX; Schema: public; Owner: themezoz
--

CREATE INDEX core_myfav_item_id_ac3be567 ON public.core_myfav USING btree (item_id);


--
-- Name: core_myfav_user_id_05d7c8ef; Type: INDEX; Schema: public; Owner: themezoz
--

CREATE INDEX core_myfav_user_id_05d7c8ef ON public.core_myfav USING btree (user_id);


--
-- Name: core_subcategory_category_category_id_efa41281; Type: INDEX; Schema: public; Owner: themezoz
--

CREATE INDEX core_subcategory_category_category_id_efa41281 ON public.core_subcategory_category USING btree (category_id);


--
-- Name: core_subcategory_category_subcategory_id_0d21eda4; Type: INDEX; Schema: public; Owner: themezoz
--

CREATE INDEX core_subcategory_category_subcategory_id_0d21eda4 ON public.core_subcategory_category USING btree (subcategory_id);


--
-- Name: core_subcategory_slug_10630aef; Type: INDEX; Schema: public; Owner: themezoz
--

CREATE INDEX core_subcategory_slug_10630aef ON public.core_subcategory USING btree (slug);


--
-- Name: core_subcategory_slug_10630aef_like; Type: INDEX; Schema: public; Owner: themezoz
--

CREATE INDEX core_subcategory_slug_10630aef_like ON public.core_subcategory USING btree (slug varchar_pattern_ops);


--
-- Name: django_admin_log_content_type_id_c4bce8eb; Type: INDEX; Schema: public; Owner: themezoz
--

CREATE INDEX django_admin_log_content_type_id_c4bce8eb ON public.django_admin_log USING btree (content_type_id);


--
-- Name: django_admin_log_user_id_c564eba6; Type: INDEX; Schema: public; Owner: themezoz
--

CREATE INDEX django_admin_log_user_id_c564eba6 ON public.django_admin_log USING btree (user_id);


--
-- Name: django_session_expire_date_a5c62663; Type: INDEX; Schema: public; Owner: themezoz
--

CREATE INDEX django_session_expire_date_a5c62663 ON public.django_session USING btree (expire_date);


--
-- Name: django_session_session_key_c0390e0f_like; Type: INDEX; Schema: public; Owner: themezoz
--

CREATE INDEX django_session_session_key_c0390e0f_like ON public.django_session USING btree (session_key varchar_pattern_ops);


--
-- Name: django_site_domain_a2e37b91_like; Type: INDEX; Schema: public; Owner: themezoz
--

CREATE INDEX django_site_domain_a2e37b91_like ON public.django_site USING btree (domain varchar_pattern_ops);


--
-- Name: oauth2_provider_accesstoken_application_id_b22886e1; Type: INDEX; Schema: public; Owner: themezoz
--

CREATE INDEX oauth2_provider_accesstoken_application_id_b22886e1 ON public.oauth2_provider_accesstoken USING btree (application_id);


--
-- Name: oauth2_provider_accesstoken_token_8af090f8_like; Type: INDEX; Schema: public; Owner: themezoz
--

CREATE INDEX oauth2_provider_accesstoken_token_8af090f8_like ON public.oauth2_provider_accesstoken USING btree (token varchar_pattern_ops);


--
-- Name: oauth2_provider_accesstoken_user_id_6e4c9a65; Type: INDEX; Schema: public; Owner: themezoz
--

CREATE INDEX oauth2_provider_accesstoken_user_id_6e4c9a65 ON public.oauth2_provider_accesstoken USING btree (user_id);


--
-- Name: oauth2_provider_application_client_id_03f0cc84_like; Type: INDEX; Schema: public; Owner: themezoz
--

CREATE INDEX oauth2_provider_application_client_id_03f0cc84_like ON public.oauth2_provider_application USING btree (client_id varchar_pattern_ops);


--
-- Name: oauth2_provider_application_client_secret_53133678; Type: INDEX; Schema: public; Owner: themezoz
--

CREATE INDEX oauth2_provider_application_client_secret_53133678 ON public.oauth2_provider_application USING btree (client_secret);


--
-- Name: oauth2_provider_application_client_secret_53133678_like; Type: INDEX; Schema: public; Owner: themezoz
--

CREATE INDEX oauth2_provider_application_client_secret_53133678_like ON public.oauth2_provider_application USING btree (client_secret varchar_pattern_ops);


--
-- Name: oauth2_provider_application_user_id_79829054; Type: INDEX; Schema: public; Owner: themezoz
--

CREATE INDEX oauth2_provider_application_user_id_79829054 ON public.oauth2_provider_application USING btree (user_id);


--
-- Name: oauth2_provider_grant_application_id_81923564; Type: INDEX; Schema: public; Owner: themezoz
--

CREATE INDEX oauth2_provider_grant_application_id_81923564 ON public.oauth2_provider_grant USING btree (application_id);


--
-- Name: oauth2_provider_grant_code_49ab4ddf_like; Type: INDEX; Schema: public; Owner: themezoz
--

CREATE INDEX oauth2_provider_grant_code_49ab4ddf_like ON public.oauth2_provider_grant USING btree (code varchar_pattern_ops);


--
-- Name: oauth2_provider_grant_user_id_e8f62af8; Type: INDEX; Schema: public; Owner: themezoz
--

CREATE INDEX oauth2_provider_grant_user_id_e8f62af8 ON public.oauth2_provider_grant USING btree (user_id);


--
-- Name: oauth2_provider_idtoken_application_id_08c5ff4f; Type: INDEX; Schema: public; Owner: themezoz
--

CREATE INDEX oauth2_provider_idtoken_application_id_08c5ff4f ON public.oauth2_provider_idtoken USING btree (application_id);


--
-- Name: oauth2_provider_idtoken_user_id_dd512b59; Type: INDEX; Schema: public; Owner: themezoz
--

CREATE INDEX oauth2_provider_idtoken_user_id_dd512b59 ON public.oauth2_provider_idtoken USING btree (user_id);


--
-- Name: oauth2_provider_refreshtoken_application_id_2d1c311b; Type: INDEX; Schema: public; Owner: themezoz
--

CREATE INDEX oauth2_provider_refreshtoken_application_id_2d1c311b ON public.oauth2_provider_refreshtoken USING btree (application_id);


--
-- Name: oauth2_provider_refreshtoken_user_id_da837fce; Type: INDEX; Schema: public; Owner: themezoz
--

CREATE INDEX oauth2_provider_refreshtoken_user_id_da837fce ON public.oauth2_provider_refreshtoken USING btree (user_id);


--
-- Name: rating_ratingsystem_item_id_8278cef8; Type: INDEX; Schema: public; Owner: themezoz
--

CREATE INDEX rating_ratingsystem_item_id_8278cef8 ON public.rating_ratingsystem USING btree (item_id);


--
-- Name: rating_ratingsystem_user_id_c624ae3d; Type: INDEX; Schema: public; Owner: themezoz
--

CREATE INDEX rating_ratingsystem_user_id_c624ae3d ON public.rating_ratingsystem USING btree (user_id);


--
-- Name: socialaccount_socialaccount_user_id_8146e70c; Type: INDEX; Schema: public; Owner: themezoz
--

CREATE INDEX socialaccount_socialaccount_user_id_8146e70c ON public.socialaccount_socialaccount USING btree (user_id);


--
-- Name: socialaccount_socialapp_sites_site_id_2579dee5; Type: INDEX; Schema: public; Owner: themezoz
--

CREATE INDEX socialaccount_socialapp_sites_site_id_2579dee5 ON public.socialaccount_socialapp_sites USING btree (site_id);


--
-- Name: socialaccount_socialapp_sites_socialapp_id_97fb6e7d; Type: INDEX; Schema: public; Owner: themezoz
--

CREATE INDEX socialaccount_socialapp_sites_socialapp_id_97fb6e7d ON public.socialaccount_socialapp_sites USING btree (socialapp_id);


--
-- Name: socialaccount_socialtoken_account_id_951f210e; Type: INDEX; Schema: public; Owner: themezoz
--

CREATE INDEX socialaccount_socialtoken_account_id_951f210e ON public.socialaccount_socialtoken USING btree (account_id);


--
-- Name: socialaccount_socialtoken_app_id_636a42d7; Type: INDEX; Schema: public; Owner: themezoz
--

CREATE INDEX socialaccount_socialtoken_app_id_636a42d7 ON public.socialaccount_socialtoken USING btree (app_id);


--
-- Name: taggit_tag_name_58eb2ed9_like; Type: INDEX; Schema: public; Owner: themezoz
--

CREATE INDEX taggit_tag_name_58eb2ed9_like ON public.taggit_tag USING btree (name varchar_pattern_ops);


--
-- Name: taggit_tag_slug_6be58b2c_like; Type: INDEX; Schema: public; Owner: themezoz
--

CREATE INDEX taggit_tag_slug_6be58b2c_like ON public.taggit_tag USING btree (slug varchar_pattern_ops);


--
-- Name: taggit_tagg_content_8fc721_idx; Type: INDEX; Schema: public; Owner: themezoz
--

CREATE INDEX taggit_tagg_content_8fc721_idx ON public.taggit_taggeditem USING btree (content_type_id, object_id);


--
-- Name: taggit_taggeditem_content_type_id_9957a03c; Type: INDEX; Schema: public; Owner: themezoz
--

CREATE INDEX taggit_taggeditem_content_type_id_9957a03c ON public.taggit_taggeditem USING btree (content_type_id);


--
-- Name: taggit_taggeditem_object_id_e2d7d1df; Type: INDEX; Schema: public; Owner: themezoz
--

CREATE INDEX taggit_taggeditem_object_id_e2d7d1df ON public.taggit_taggeditem USING btree (object_id);


--
-- Name: taggit_taggeditem_tag_id_f4f5b767; Type: INDEX; Schema: public; Owner: themezoz
--

CREATE INDEX taggit_taggeditem_tag_id_f4f5b767 ON public.taggit_taggeditem USING btree (tag_id);


--
-- Name: unique_verified_email; Type: INDEX; Schema: public; Owner: themezoz
--

CREATE UNIQUE INDEX unique_verified_email ON public.account_emailaddress USING btree (email) WHERE verified;


--
-- Name: users_customuser_email_6445acef_like; Type: INDEX; Schema: public; Owner: themezoz
--

CREATE INDEX users_customuser_email_6445acef_like ON public.users_customuser USING btree (email varchar_pattern_ops);


--
-- Name: users_customuser_groups_customuser_id_958147bf; Type: INDEX; Schema: public; Owner: themezoz
--

CREATE INDEX users_customuser_groups_customuser_id_958147bf ON public.users_customuser_groups USING btree (customuser_id);


--
-- Name: users_customuser_groups_group_id_01390b14; Type: INDEX; Schema: public; Owner: themezoz
--

CREATE INDEX users_customuser_groups_group_id_01390b14 ON public.users_customuser_groups USING btree (group_id);


--
-- Name: users_customuser_user_permissions_customuser_id_5771478b; Type: INDEX; Schema: public; Owner: themezoz
--

CREATE INDEX users_customuser_user_permissions_customuser_id_5771478b ON public.users_customuser_user_permissions USING btree (customuser_id);


--
-- Name: users_customuser_user_permissions_permission_id_baaa2f74; Type: INDEX; Schema: public; Owner: themezoz
--

CREATE INDEX users_customuser_user_permissions_permission_id_baaa2f74 ON public.users_customuser_user_permissions USING btree (permission_id);


--
-- Name: users_customuser_username_80452fdf_like; Type: INDEX; Schema: public; Owner: themezoz
--

CREATE INDEX users_customuser_username_80452fdf_like ON public.users_customuser USING btree (username varchar_pattern_ops);


--
-- Name: wishlist_likeitem_item_id_862e2262; Type: INDEX; Schema: public; Owner: themezoz
--

CREATE INDEX wishlist_likeitem_item_id_862e2262 ON public.wishlist_likeitem USING btree (item_id);


--
-- Name: wishlist_likeitem_user_id_21ba3d70; Type: INDEX; Schema: public; Owner: themezoz
--

CREATE INDEX wishlist_likeitem_user_id_21ba3d70 ON public.wishlist_likeitem USING btree (user_id);


--
-- Name: wishlist_wishlist_item_id_fd1ed286; Type: INDEX; Schema: public; Owner: themezoz
--

CREATE INDEX wishlist_wishlist_item_id_fd1ed286 ON public.wishlist_wishlist USING btree (item_id);


--
-- Name: wishlist_wishlist_user_id_13f28b16; Type: INDEX; Schema: public; Owner: themezoz
--

CREATE INDEX wishlist_wishlist_user_id_13f28b16 ON public.wishlist_wishlist USING btree (user_id);


--
-- Name: account_emailaddress account_emailaddress_user_id_2c513194_fk_users_customuser_id; Type: FK CONSTRAINT; Schema: public; Owner: themezoz
--

ALTER TABLE ONLY public.account_emailaddress
    ADD CONSTRAINT account_emailaddress_user_id_2c513194_fk_users_customuser_id FOREIGN KEY (user_id) REFERENCES public.users_customuser(id) DEFERRABLE INITIALLY DEFERRED;


--
-- Name: account_emailconfirmation account_emailconfirm_email_address_id_5b7f8c58_fk_account_e; Type: FK CONSTRAINT; Schema: public; Owner: themezoz
--

ALTER TABLE ONLY public.account_emailconfirmation
    ADD CONSTRAINT account_emailconfirm_email_address_id_5b7f8c58_fk_account_e FOREIGN KEY (email_address_id) REFERENCES public.account_emailaddress(id) DEFERRABLE INITIALLY DEFERRED;


--
-- Name: auth_group_permissions auth_group_permissio_permission_id_84c5c92e_fk_auth_perm; Type: FK CONSTRAINT; Schema: public; Owner: themezoz
--

ALTER TABLE ONLY public.auth_group_permissions
    ADD CONSTRAINT auth_group_permissio_permission_id_84c5c92e_fk_auth_perm FOREIGN KEY (permission_id) REFERENCES public.auth_permission(id) DEFERRABLE INITIALLY DEFERRED;


--
-- Name: auth_group_permissions auth_group_permissions_group_id_b120cbf9_fk_auth_group_id; Type: FK CONSTRAINT; Schema: public; Owner: themezoz
--

ALTER TABLE ONLY public.auth_group_permissions
    ADD CONSTRAINT auth_group_permissions_group_id_b120cbf9_fk_auth_group_id FOREIGN KEY (group_id) REFERENCES public.auth_group(id) DEFERRABLE INITIALLY DEFERRED;


--
-- Name: auth_permission auth_permission_content_type_id_2f476e4b_fk_django_co; Type: FK CONSTRAINT; Schema: public; Owner: themezoz
--

ALTER TABLE ONLY public.auth_permission
    ADD CONSTRAINT auth_permission_content_type_id_2f476e4b_fk_django_co FOREIGN KEY (content_type_id) REFERENCES public.django_content_type(id) DEFERRABLE INITIALLY DEFERRED;


--
-- Name: blog_article blog_article_author_id_905add38_fk_users_customuser_id; Type: FK CONSTRAINT; Schema: public; Owner: themezoz
--

ALTER TABLE ONLY public.blog_article
    ADD CONSTRAINT blog_article_author_id_905add38_fk_users_customuser_id FOREIGN KEY (author_id) REFERENCES public.users_customuser(id) DEFERRABLE INITIALLY DEFERRED;


--
-- Name: blog_article blog_article_category_id_7e38f15e_fk_blog_category_id; Type: FK CONSTRAINT; Schema: public; Owner: themezoz
--

ALTER TABLE ONLY public.blog_article
    ADD CONSTRAINT blog_article_category_id_7e38f15e_fk_blog_category_id FOREIGN KEY (category_id) REFERENCES public.blog_category(id) DEFERRABLE INITIALLY DEFERRED;


--
-- Name: blog_comment blog_comment_article_id_3d58bca6_fk_blog_article_id; Type: FK CONSTRAINT; Schema: public; Owner: themezoz
--

ALTER TABLE ONLY public.blog_comment
    ADD CONSTRAINT blog_comment_article_id_3d58bca6_fk_blog_article_id FOREIGN KEY (article_id) REFERENCES public.blog_article(id) DEFERRABLE INITIALLY DEFERRED;


--
-- Name: blog_profile blog_profile_user_id_2bc46caa_fk_users_customuser_id; Type: FK CONSTRAINT; Schema: public; Owner: themezoz
--

ALTER TABLE ONLY public.blog_profile
    ADD CONSTRAINT blog_profile_user_id_2bc46caa_fk_users_customuser_id FOREIGN KEY (user_id) REFERENCES public.users_customuser(id) DEFERRABLE INITIALLY DEFERRED;


--
-- Name: carts_cart carts_cart_item_id_68618cd9_fk_core_item_id; Type: FK CONSTRAINT; Schema: public; Owner: themezoz
--

ALTER TABLE ONLY public.carts_cart
    ADD CONSTRAINT carts_cart_item_id_68618cd9_fk_core_item_id FOREIGN KEY (item_id) REFERENCES public.core_item(id) DEFERRABLE INITIALLY DEFERRED;


--
-- Name: carts_cart carts_cart_user_id_bd0756c7_fk_users_customuser_id; Type: FK CONSTRAINT; Schema: public; Owner: themezoz
--

ALTER TABLE ONLY public.carts_cart
    ADD CONSTRAINT carts_cart_user_id_bd0756c7_fk_users_customuser_id FOREIGN KEY (user_id) REFERENCES public.users_customuser(id) DEFERRABLE INITIALLY DEFERRED;


--
-- Name: carts_order carts_order_user_id_016ce4a7_fk_users_customuser_id; Type: FK CONSTRAINT; Schema: public; Owner: themezoz
--

ALTER TABLE ONLY public.carts_order
    ADD CONSTRAINT carts_order_user_id_016ce4a7_fk_users_customuser_id FOREIGN KEY (user_id) REFERENCES public.users_customuser(id) DEFERRABLE INITIALLY DEFERRED;


--
-- Name: carts_orderitem carts_orderitem_item_id_ea28b7b5_fk_core_item_id; Type: FK CONSTRAINT; Schema: public; Owner: themezoz
--

ALTER TABLE ONLY public.carts_orderitem
    ADD CONSTRAINT carts_orderitem_item_id_ea28b7b5_fk_core_item_id FOREIGN KEY (item_id) REFERENCES public.core_item(id) DEFERRABLE INITIALLY DEFERRED;


--
-- Name: carts_orderitem carts_orderitem_order_id_a7a4df7c_fk_carts_order_id; Type: FK CONSTRAINT; Schema: public; Owner: themezoz
--

ALTER TABLE ONLY public.carts_orderitem
    ADD CONSTRAINT carts_orderitem_order_id_a7a4df7c_fk_carts_order_id FOREIGN KEY (order_id) REFERENCES public.carts_order(id) DEFERRABLE INITIALLY DEFERRED;


--
-- Name: core_category_collections core_category_collec_category_id_9c80f6c2_fk_core_cate; Type: FK CONSTRAINT; Schema: public; Owner: themezoz
--

ALTER TABLE ONLY public.core_category_collections
    ADD CONSTRAINT core_category_collec_category_id_9c80f6c2_fk_core_cate FOREIGN KEY (category_id) REFERENCES public.core_category(id) DEFERRABLE INITIALLY DEFERRED;


--
-- Name: core_category_collections core_category_collec_collections_id_e8f3d343_fk_core_coll; Type: FK CONSTRAINT; Schema: public; Owner: themezoz
--

ALTER TABLE ONLY public.core_category_collections
    ADD CONSTRAINT core_category_collec_collections_id_e8f3d343_fk_core_coll FOREIGN KEY (collections_id) REFERENCES public.core_collections(id) DEFERRABLE INITIALLY DEFERRED;


--
-- Name: core_category core_category_created_by_id_73f6d4e8_fk_users_customuser_id; Type: FK CONSTRAINT; Schema: public; Owner: themezoz
--

ALTER TABLE ONLY public.core_category
    ADD CONSTRAINT core_category_created_by_id_73f6d4e8_fk_users_customuser_id FOREIGN KEY (created_by_id) REFERENCES public.users_customuser(id) DEFERRABLE INITIALLY DEFERRED;


--
-- Name: core_collections core_collections_created_by_id_1ae1da54_fk_users_customuser_id; Type: FK CONSTRAINT; Schema: public; Owner: themezoz
--

ALTER TABLE ONLY public.core_collections
    ADD CONSTRAINT core_collections_created_by_id_1ae1da54_fk_users_customuser_id FOREIGN KEY (created_by_id) REFERENCES public.users_customuser(id) DEFERRABLE INITIALLY DEFERRED;


--
-- Name: core_item_category core_item_category_category_id_941bfee9_fk_core_category_id; Type: FK CONSTRAINT; Schema: public; Owner: themezoz
--

ALTER TABLE ONLY public.core_item_category
    ADD CONSTRAINT core_item_category_category_id_941bfee9_fk_core_category_id FOREIGN KEY (category_id) REFERENCES public.core_category(id) DEFERRABLE INITIALLY DEFERRED;


--
-- Name: core_item_category core_item_category_item_id_02569885_fk_core_item_id; Type: FK CONSTRAINT; Schema: public; Owner: themezoz
--

ALTER TABLE ONLY public.core_item_category
    ADD CONSTRAINT core_item_category_item_id_02569885_fk_core_item_id FOREIGN KEY (item_id) REFERENCES public.core_item(id) DEFERRABLE INITIALLY DEFERRED;


--
-- Name: core_item_subcategory core_item_subcategor_subcategory_id_74148d13_fk_core_subc; Type: FK CONSTRAINT; Schema: public; Owner: themezoz
--

ALTER TABLE ONLY public.core_item_subcategory
    ADD CONSTRAINT core_item_subcategor_subcategory_id_74148d13_fk_core_subc FOREIGN KEY (subcategory_id) REFERENCES public.core_subcategory(id) DEFERRABLE INITIALLY DEFERRED;


--
-- Name: core_item_subcategory core_item_subcategory_item_id_121a926c_fk_core_item_id; Type: FK CONSTRAINT; Schema: public; Owner: themezoz
--

ALTER TABLE ONLY public.core_item_subcategory
    ADD CONSTRAINT core_item_subcategory_item_id_121a926c_fk_core_item_id FOREIGN KEY (item_id) REFERENCES public.core_item(id) DEFERRABLE INITIALLY DEFERRED;


--
-- Name: core_item core_item_user_id_71161597_fk_users_customuser_id; Type: FK CONSTRAINT; Schema: public; Owner: themezoz
--

ALTER TABLE ONLY public.core_item
    ADD CONSTRAINT core_item_user_id_71161597_fk_users_customuser_id FOREIGN KEY (user_id) REFERENCES public.users_customuser(id) DEFERRABLE INITIALLY DEFERRED;


--
-- Name: core_myfav core_myfav_item_id_ac3be567_fk_core_item_id; Type: FK CONSTRAINT; Schema: public; Owner: themezoz
--

ALTER TABLE ONLY public.core_myfav
    ADD CONSTRAINT core_myfav_item_id_ac3be567_fk_core_item_id FOREIGN KEY (item_id) REFERENCES public.core_item(id) DEFERRABLE INITIALLY DEFERRED;


--
-- Name: core_myfav core_myfav_user_id_05d7c8ef_fk_users_customuser_id; Type: FK CONSTRAINT; Schema: public; Owner: themezoz
--

ALTER TABLE ONLY public.core_myfav
    ADD CONSTRAINT core_myfav_user_id_05d7c8ef_fk_users_customuser_id FOREIGN KEY (user_id) REFERENCES public.users_customuser(id) DEFERRABLE INITIALLY DEFERRED;


--
-- Name: core_subcategory_category core_subcategory_cat_category_id_efa41281_fk_core_cate; Type: FK CONSTRAINT; Schema: public; Owner: themezoz
--

ALTER TABLE ONLY public.core_subcategory_category
    ADD CONSTRAINT core_subcategory_cat_category_id_efa41281_fk_core_cate FOREIGN KEY (category_id) REFERENCES public.core_category(id) DEFERRABLE INITIALLY DEFERRED;


--
-- Name: core_subcategory_category core_subcategory_cat_subcategory_id_0d21eda4_fk_core_subc; Type: FK CONSTRAINT; Schema: public; Owner: themezoz
--

ALTER TABLE ONLY public.core_subcategory_category
    ADD CONSTRAINT core_subcategory_cat_subcategory_id_0d21eda4_fk_core_subc FOREIGN KEY (subcategory_id) REFERENCES public.core_subcategory(id) DEFERRABLE INITIALLY DEFERRED;


--
-- Name: django_admin_log django_admin_log_content_type_id_c4bce8eb_fk_django_co; Type: FK CONSTRAINT; Schema: public; Owner: themezoz
--

ALTER TABLE ONLY public.django_admin_log
    ADD CONSTRAINT django_admin_log_content_type_id_c4bce8eb_fk_django_co FOREIGN KEY (content_type_id) REFERENCES public.django_content_type(id) DEFERRABLE INITIALLY DEFERRED;


--
-- Name: django_admin_log django_admin_log_user_id_c564eba6_fk_users_customuser_id; Type: FK CONSTRAINT; Schema: public; Owner: themezoz
--

ALTER TABLE ONLY public.django_admin_log
    ADD CONSTRAINT django_admin_log_user_id_c564eba6_fk_users_customuser_id FOREIGN KEY (user_id) REFERENCES public.users_customuser(id) DEFERRABLE INITIALLY DEFERRED;


--
-- Name: oauth2_provider_accesstoken oauth2_provider_acce_application_id_b22886e1_fk_oauth2_pr; Type: FK CONSTRAINT; Schema: public; Owner: themezoz
--

ALTER TABLE ONLY public.oauth2_provider_accesstoken
    ADD CONSTRAINT oauth2_provider_acce_application_id_b22886e1_fk_oauth2_pr FOREIGN KEY (application_id) REFERENCES public.oauth2_provider_application(id) DEFERRABLE INITIALLY DEFERRED;


--
-- Name: oauth2_provider_accesstoken oauth2_provider_acce_id_token_id_85db651b_fk_oauth2_pr; Type: FK CONSTRAINT; Schema: public; Owner: themezoz
--

ALTER TABLE ONLY public.oauth2_provider_accesstoken
    ADD CONSTRAINT oauth2_provider_acce_id_token_id_85db651b_fk_oauth2_pr FOREIGN KEY (id_token_id) REFERENCES public.oauth2_provider_idtoken(id) DEFERRABLE INITIALLY DEFERRED;


--
-- Name: oauth2_provider_accesstoken oauth2_provider_acce_source_refresh_token_e66fbc72_fk_oauth2_pr; Type: FK CONSTRAINT; Schema: public; Owner: themezoz
--

ALTER TABLE ONLY public.oauth2_provider_accesstoken
    ADD CONSTRAINT oauth2_provider_acce_source_refresh_token_e66fbc72_fk_oauth2_pr FOREIGN KEY (source_refresh_token_id) REFERENCES public.oauth2_provider_refreshtoken(id) DEFERRABLE INITIALLY DEFERRED;


--
-- Name: oauth2_provider_accesstoken oauth2_provider_acce_user_id_6e4c9a65_fk_users_cus; Type: FK CONSTRAINT; Schema: public; Owner: themezoz
--

ALTER TABLE ONLY public.oauth2_provider_accesstoken
    ADD CONSTRAINT oauth2_provider_acce_user_id_6e4c9a65_fk_users_cus FOREIGN KEY (user_id) REFERENCES public.users_customuser(id) DEFERRABLE INITIALLY DEFERRED;


--
-- Name: oauth2_provider_application oauth2_provider_appl_user_id_79829054_fk_users_cus; Type: FK CONSTRAINT; Schema: public; Owner: themezoz
--

ALTER TABLE ONLY public.oauth2_provider_application
    ADD CONSTRAINT oauth2_provider_appl_user_id_79829054_fk_users_cus FOREIGN KEY (user_id) REFERENCES public.users_customuser(id) DEFERRABLE INITIALLY DEFERRED;


--
-- Name: oauth2_provider_grant oauth2_provider_gran_application_id_81923564_fk_oauth2_pr; Type: FK CONSTRAINT; Schema: public; Owner: themezoz
--

ALTER TABLE ONLY public.oauth2_provider_grant
    ADD CONSTRAINT oauth2_provider_gran_application_id_81923564_fk_oauth2_pr FOREIGN KEY (application_id) REFERENCES public.oauth2_provider_application(id) DEFERRABLE INITIALLY DEFERRED;


--
-- Name: oauth2_provider_grant oauth2_provider_grant_user_id_e8f62af8_fk_users_customuser_id; Type: FK CONSTRAINT; Schema: public; Owner: themezoz
--

ALTER TABLE ONLY public.oauth2_provider_grant
    ADD CONSTRAINT oauth2_provider_grant_user_id_e8f62af8_fk_users_customuser_id FOREIGN KEY (user_id) REFERENCES public.users_customuser(id) DEFERRABLE INITIALLY DEFERRED;


--
-- Name: oauth2_provider_idtoken oauth2_provider_idto_application_id_08c5ff4f_fk_oauth2_pr; Type: FK CONSTRAINT; Schema: public; Owner: themezoz
--

ALTER TABLE ONLY public.oauth2_provider_idtoken
    ADD CONSTRAINT oauth2_provider_idto_application_id_08c5ff4f_fk_oauth2_pr FOREIGN KEY (application_id) REFERENCES public.oauth2_provider_application(id) DEFERRABLE INITIALLY DEFERRED;


--
-- Name: oauth2_provider_idtoken oauth2_provider_idtoken_user_id_dd512b59_fk_users_customuser_id; Type: FK CONSTRAINT; Schema: public; Owner: themezoz
--

ALTER TABLE ONLY public.oauth2_provider_idtoken
    ADD CONSTRAINT oauth2_provider_idtoken_user_id_dd512b59_fk_users_customuser_id FOREIGN KEY (user_id) REFERENCES public.users_customuser(id) DEFERRABLE INITIALLY DEFERRED;


--
-- Name: oauth2_provider_refreshtoken oauth2_provider_refr_access_token_id_775e84e8_fk_oauth2_pr; Type: FK CONSTRAINT; Schema: public; Owner: themezoz
--

ALTER TABLE ONLY public.oauth2_provider_refreshtoken
    ADD CONSTRAINT oauth2_provider_refr_access_token_id_775e84e8_fk_oauth2_pr FOREIGN KEY (access_token_id) REFERENCES public.oauth2_provider_accesstoken(id) DEFERRABLE INITIALLY DEFERRED;


--
-- Name: oauth2_provider_refreshtoken oauth2_provider_refr_application_id_2d1c311b_fk_oauth2_pr; Type: FK CONSTRAINT; Schema: public; Owner: themezoz
--

ALTER TABLE ONLY public.oauth2_provider_refreshtoken
    ADD CONSTRAINT oauth2_provider_refr_application_id_2d1c311b_fk_oauth2_pr FOREIGN KEY (application_id) REFERENCES public.oauth2_provider_application(id) DEFERRABLE INITIALLY DEFERRED;


--
-- Name: oauth2_provider_refreshtoken oauth2_provider_refr_user_id_da837fce_fk_users_cus; Type: FK CONSTRAINT; Schema: public; Owner: themezoz
--

ALTER TABLE ONLY public.oauth2_provider_refreshtoken
    ADD CONSTRAINT oauth2_provider_refr_user_id_da837fce_fk_users_cus FOREIGN KEY (user_id) REFERENCES public.users_customuser(id) DEFERRABLE INITIALLY DEFERRED;


--
-- Name: rating_ratingsystem rating_ratingsystem_item_id_8278cef8_fk_core_item_id; Type: FK CONSTRAINT; Schema: public; Owner: themezoz
--

ALTER TABLE ONLY public.rating_ratingsystem
    ADD CONSTRAINT rating_ratingsystem_item_id_8278cef8_fk_core_item_id FOREIGN KEY (item_id) REFERENCES public.core_item(id) DEFERRABLE INITIALLY DEFERRED;


--
-- Name: rating_ratingsystem rating_ratingsystem_user_id_c624ae3d_fk_users_customuser_id; Type: FK CONSTRAINT; Schema: public; Owner: themezoz
--

ALTER TABLE ONLY public.rating_ratingsystem
    ADD CONSTRAINT rating_ratingsystem_user_id_c624ae3d_fk_users_customuser_id FOREIGN KEY (user_id) REFERENCES public.users_customuser(id) DEFERRABLE INITIALLY DEFERRED;


--
-- Name: socialaccount_socialtoken socialaccount_social_account_id_951f210e_fk_socialacc; Type: FK CONSTRAINT; Schema: public; Owner: themezoz
--

ALTER TABLE ONLY public.socialaccount_socialtoken
    ADD CONSTRAINT socialaccount_social_account_id_951f210e_fk_socialacc FOREIGN KEY (account_id) REFERENCES public.socialaccount_socialaccount(id) DEFERRABLE INITIALLY DEFERRED;


--
-- Name: socialaccount_socialtoken socialaccount_social_app_id_636a42d7_fk_socialacc; Type: FK CONSTRAINT; Schema: public; Owner: themezoz
--

ALTER TABLE ONLY public.socialaccount_socialtoken
    ADD CONSTRAINT socialaccount_social_app_id_636a42d7_fk_socialacc FOREIGN KEY (app_id) REFERENCES public.socialaccount_socialapp(id) DEFERRABLE INITIALLY DEFERRED;


--
-- Name: socialaccount_socialapp_sites socialaccount_social_site_id_2579dee5_fk_django_si; Type: FK CONSTRAINT; Schema: public; Owner: themezoz
--

ALTER TABLE ONLY public.socialaccount_socialapp_sites
    ADD CONSTRAINT socialaccount_social_site_id_2579dee5_fk_django_si FOREIGN KEY (site_id) REFERENCES public.django_site(id) DEFERRABLE INITIALLY DEFERRED;


--
-- Name: socialaccount_socialapp_sites socialaccount_social_socialapp_id_97fb6e7d_fk_socialacc; Type: FK CONSTRAINT; Schema: public; Owner: themezoz
--

ALTER TABLE ONLY public.socialaccount_socialapp_sites
    ADD CONSTRAINT socialaccount_social_socialapp_id_97fb6e7d_fk_socialacc FOREIGN KEY (socialapp_id) REFERENCES public.socialaccount_socialapp(id) DEFERRABLE INITIALLY DEFERRED;


--
-- Name: socialaccount_socialaccount socialaccount_social_user_id_8146e70c_fk_users_cus; Type: FK CONSTRAINT; Schema: public; Owner: themezoz
--

ALTER TABLE ONLY public.socialaccount_socialaccount
    ADD CONSTRAINT socialaccount_social_user_id_8146e70c_fk_users_cus FOREIGN KEY (user_id) REFERENCES public.users_customuser(id) DEFERRABLE INITIALLY DEFERRED;


--
-- Name: taggit_taggeditem taggit_taggeditem_content_type_id_9957a03c_fk_django_co; Type: FK CONSTRAINT; Schema: public; Owner: themezoz
--

ALTER TABLE ONLY public.taggit_taggeditem
    ADD CONSTRAINT taggit_taggeditem_content_type_id_9957a03c_fk_django_co FOREIGN KEY (content_type_id) REFERENCES public.django_content_type(id) DEFERRABLE INITIALLY DEFERRED;


--
-- Name: taggit_taggeditem taggit_taggeditem_tag_id_f4f5b767_fk_taggit_tag_id; Type: FK CONSTRAINT; Schema: public; Owner: themezoz
--

ALTER TABLE ONLY public.taggit_taggeditem
    ADD CONSTRAINT taggit_taggeditem_tag_id_f4f5b767_fk_taggit_tag_id FOREIGN KEY (tag_id) REFERENCES public.taggit_tag(id) DEFERRABLE INITIALLY DEFERRED;


--
-- Name: users_customuser_groups users_customuser_gro_customuser_id_958147bf_fk_users_cus; Type: FK CONSTRAINT; Schema: public; Owner: themezoz
--

ALTER TABLE ONLY public.users_customuser_groups
    ADD CONSTRAINT users_customuser_gro_customuser_id_958147bf_fk_users_cus FOREIGN KEY (customuser_id) REFERENCES public.users_customuser(id) DEFERRABLE INITIALLY DEFERRED;


--
-- Name: users_customuser_groups users_customuser_groups_group_id_01390b14_fk_auth_group_id; Type: FK CONSTRAINT; Schema: public; Owner: themezoz
--

ALTER TABLE ONLY public.users_customuser_groups
    ADD CONSTRAINT users_customuser_groups_group_id_01390b14_fk_auth_group_id FOREIGN KEY (group_id) REFERENCES public.auth_group(id) DEFERRABLE INITIALLY DEFERRED;


--
-- Name: users_customuser_user_permissions users_customuser_use_customuser_id_5771478b_fk_users_cus; Type: FK CONSTRAINT; Schema: public; Owner: themezoz
--

ALTER TABLE ONLY public.users_customuser_user_permissions
    ADD CONSTRAINT users_customuser_use_customuser_id_5771478b_fk_users_cus FOREIGN KEY (customuser_id) REFERENCES public.users_customuser(id) DEFERRABLE INITIALLY DEFERRED;


--
-- Name: users_customuser_user_permissions users_customuser_use_permission_id_baaa2f74_fk_auth_perm; Type: FK CONSTRAINT; Schema: public; Owner: themezoz
--

ALTER TABLE ONLY public.users_customuser_user_permissions
    ADD CONSTRAINT users_customuser_use_permission_id_baaa2f74_fk_auth_perm FOREIGN KEY (permission_id) REFERENCES public.auth_permission(id) DEFERRABLE INITIALLY DEFERRED;


--
-- Name: wishlist_likeitem wishlist_likeitem_item_id_862e2262_fk_core_item_id; Type: FK CONSTRAINT; Schema: public; Owner: themezoz
--

ALTER TABLE ONLY public.wishlist_likeitem
    ADD CONSTRAINT wishlist_likeitem_item_id_862e2262_fk_core_item_id FOREIGN KEY (item_id) REFERENCES public.core_item(id) DEFERRABLE INITIALLY DEFERRED;


--
-- Name: wishlist_likeitem wishlist_likeitem_user_id_21ba3d70_fk_users_customuser_id; Type: FK CONSTRAINT; Schema: public; Owner: themezoz
--

ALTER TABLE ONLY public.wishlist_likeitem
    ADD CONSTRAINT wishlist_likeitem_user_id_21ba3d70_fk_users_customuser_id FOREIGN KEY (user_id) REFERENCES public.users_customuser(id) DEFERRABLE INITIALLY DEFERRED;


--
-- Name: wishlist_wishlist wishlist_wishlist_item_id_fd1ed286_fk_core_item_id; Type: FK CONSTRAINT; Schema: public; Owner: themezoz
--

ALTER TABLE ONLY public.wishlist_wishlist
    ADD CONSTRAINT wishlist_wishlist_item_id_fd1ed286_fk_core_item_id FOREIGN KEY (item_id) REFERENCES public.core_item(id) DEFERRABLE INITIALLY DEFERRED;


--
-- Name: wishlist_wishlist wishlist_wishlist_user_id_13f28b16_fk_users_customuser_id; Type: FK CONSTRAINT; Schema: public; Owner: themezoz
--

ALTER TABLE ONLY public.wishlist_wishlist
    ADD CONSTRAINT wishlist_wishlist_user_id_13f28b16_fk_users_customuser_id FOREIGN KEY (user_id) REFERENCES public.users_customuser(id) DEFERRABLE INITIALLY DEFERRED;


--
-- PostgreSQL database dump complete
--

