[
  {
    "id": "/subscriptions/11586171-a73e-4a8e-8235-40cae2868d43/resourceGroups/cloud-shell-storage-westeurope/providers/Microsoft.Resources/deployments/CreateVm-canonical.0001-com-ubuntu-server-focal-2-20231207160503/operations/FBF2E009911692AD",
    "operationId": "FBF2E009911692AD",
    "properties": {
      "provisioningOperation": "Create",
      "provisioningState": "Running",
      "timestamp": "2023-12-08T00:16:21.3366434Z",
      "duration": "PT4.0633976S",
      "trackingId": "9cf6f450-93fa-4d32-a92b-b2cc37f8c8ee",
      "statusCode": "Created",
      "targetResource": {
        "id": "/subscriptions/11586171-a73e-4a8e-8235-40cae2868d43/resourceGroups/cloud-shell-storage-westeurope/providers/Microsoft.Network/applicationGateways/themezoz",
        "resourceType": "Microsoft.Network/applicationGateways",
        "resourceName": "themezoz"
      }
    }
  },
  {
    "id": "/subscriptions/11586171-a73e-4a8e-8235-40cae2868d43/resourceGroups/cloud-shell-storage-westeurope/providers/Microsoft.Resources/deployments/CreateVm-canonical.0001-com-ubuntu-server-focal-2-20231207160503/operations/59F3F54B9FA8D50C",
    "operationId": "59F3F54B9FA8D50C",
    "properties": {
      "provisioningOperation": "Create",
      "provisioningState": "Succeeded",
      "timestamp": "2023-12-08T00:16:17.2049671Z",
      "duration": "PT27.8736722S",
      "trackingId": "f75f11d8-f3ab-4a85-aee8-1d730993b865",
      "statusCode": "OK",
      "targetResource": {
        "id": "/subscriptions/11586171-a73e-4a8e-8235-40cae2868d43/resourceGroups/cloud-shell-storage-westeurope/providers/Microsoft.Resources/deployments/themezoz-virtual-network-1bg-appgwsubnet",
        "resourceType": "Microsoft.Resources/deployments",
        "resourceName": "themezoz-virtual-network-1bg-appgwsubnet"
      }
    }
  },
  {
    "id": "/subscriptions/11586171-a73e-4a8e-8235-40cae2868d43/resourceGroups/cloud-shell-storage-westeurope/providers/Microsoft.Resources/deployments/CreateVm-canonical.0001-com-ubuntu-server-focal-2-20231207160503/operations/B0B420FB586C01FD",
    "operationId": "B0B420FB586C01FD",
    "properties": {
      "provisioningOperation": "Create",
      "provisioningState": "Succeeded",
      "timestamp": "2023-12-08T00:15:58.1036412Z",
      "duration": "PT8.7723463S",
      "trackingId": "9715ea08-ea3b-412d-b6f7-48d453a02f1d",
      "statusCode": "OK",
      "targetResource": {
        "id": "/subscriptions/11586171-a73e-4a8e-8235-40cae2868d43/resourceGroups/cloud-shell-storage-westeurope/providers/Microsoft.Network/virtualNetworks/themezoz-virtual-network",
        "resourceType": "Microsoft.Network/virtualNetworks",
        "resourceName": "themezoz-virtual-network"
      }
    }
  },
  {
    "id": "/subscriptions/11586171-a73e-4a8e-8235-40cae2868d43/resourceGroups/cloud-shell-storage-westeurope/providers/Microsoft.Resources/deployments/CreateVm-canonical.0001-com-ubuntu-server-focal-2-20231207160503/operations/AC2830279D215AE7",
    "operationId": "AC2830279D215AE7",
    "properties": {
      "provisioningOperation": "Create",
      "provisioningState": "Succeeded",
      "timestamp": "2023-12-08T00:15:58.7941029Z",
      "duration": "PT9.462808S",
      "trackingId": "f4f13eed-03e5-4eff-87af-a95a58ec5f05",
      "statusCode": "OK",
      "targetResource": {
        "id": "/subscriptions/11586171-a73e-4a8e-8235-40cae2868d43/resourceGroups/cloud-shell-storage-westeurope/providers/Microsoft.Network/publicIpAddresses/themezoz-ip",
        "resourceType": "Microsoft.Network/publicIpAddresses",
        "resourceName": "themezoz-ip"
      }
    }
  },
  {
    "id": "/subscriptions/11586171-a73e-4a8e-8235-40cae2868d43/resourceGroups/cloud-shell-storage-westeurope/providers/Microsoft.Resources/deployments/CreateVm-canonical.0001-com-ubuntu-server-focal-2-20231207160503/operations/9BBC924F5875169C",
    "operationId": "9BBC924F5875169C",
    "properties": {
      "provisioningOperation": "Create",
      "provisioningState": "Succeeded",
      "timestamp": "2023-12-08T00:16:00.4829543Z",
      "duration": "PT11.1516594S",
      "trackingId": "5165066f-5ff6-4ca2-8428-b43db7b91e22",
      "statusCode": "OK",
      "targetResource": {
        "id": "/subscriptions/11586171-a73e-4a8e-8235-40cae2868d43/resourceGroups/cloud-shell-storage-westeurope/providers/Microsoft.Network/publicIpAddresses/themezoz-publicip",
        "resourceType": "Microsoft.Network/publicIpAddresses",
        "resourceName": "themezoz-publicip"
      }
    }
  },
  {
    "id": "/subscriptions/11586171-a73e-4a8e-8235-40cae2868d43/resourceGroups/cloud-shell-storage-westeurope/providers/Microsoft.Resources/deployments/CreateVm-canonical.0001-com-ubuntu-server-focal-2-20231207160503/operations/B404FAC422C5CDBE",
    "operationId": "B404FAC422C5CDBE",
    "properties": {
      "provisioningOperation": "Create",
      "provisioningState": "Succeeded",
      "timestamp": "2023-12-08T00:15:57.878032Z",
      "duration": "PT8.5467371S",
      "trackingId": "505d12b7-8b5e-491d-bdc1-ad5961404b55",
      "statusCode": "OK",
      "targetResource": {
        "id": "/subscriptions/11586171-a73e-4a8e-8235-40cae2868d43/resourceGroups/cloud-shell-storage-westeurope/providers/Microsoft.Network/networkSecurityGroups/themezoz-nsg",
        "resourceType": "Microsoft.Network/networkSecurityGroups",
        "resourceName": "themezoz-nsg"
      }
    }
  },
  {
    "id": "/subscriptions/11586171-a73e-4a8e-8235-40cae2868d43/resourceGroups/cloud-shell-storage-westeurope/providers/Microsoft.Resources/deployments/CreateVm-canonical.0001-com-ubuntu-server-focal-2-20231207160503/operations/CCEFE5355125D1E5",
    "operationId": "CCEFE5355125D1E5",
    "properties": {
      "provisioningOperation": "Create",
      "provisioningState": "Succeeded",
      "timestamp": "2023-12-08T00:16:07.8038736Z",
      "duration": "PT18.4725787S",
      "trackingId": "7d94015b-a363-47cf-9a33-23c955cdab43",
      "statusCode": "OK",
      "targetResource": {
        "id": "/subscriptions/11586171-a73e-4a8e-8235-40cae2868d43/resourceGroups/cloud-shell-storage-westeurope/providers/Microsoft.Resources/deployments/themezoz-AlertsActionGroup",
        "resourceType": "Microsoft.Resources/deployments",
        "resourceName": "themezoz-AlertsActionGroup"
      }
    }
  }
]