{
  "id": "/subscriptions/11586171-a73e-4a8e-8235-40cae2868d43/resourceGroups/cloud-shell-storage-westeurope/providers/Microsoft.Resources/deployments/CreateVm-canonical.0001-com-ubuntu-server-focal-2-20231207160503",
  "name": "CreateVm-canonical.0001-com-ubuntu-server-focal-2-20231207160503",
  "type": "Microsoft.Resources/deployments",
  "tags": {
    "primaryResourceId": "/subscriptions/11586171-a73e-4a8e-8235-40cae2868d43/resourcegroups/cloud-shell-storage-westeurope/providers/Microsoft.Compute/virtualMachines/themezoz",
    "marketplaceItemId": "Microsoft.VirtualMachine-ARM",
    "provisioningHash": "SolutionProvider"
  },
  "properties": {
    "templateHash": "18199041517187971853",
    "parameters": {
      "location": {
        "type": "String",
        "value": "westeurope"
      },
      "networkInterfaceName2": {
        "type": "String",
        "value": "themezoz232_z2"
      },
      "networkSecurityGroupName": {
        "type": "String",
        "value": "themezoz-nsg"
      },
      "networkSecurityGroupRules": {
        "type": "Array",
        "value": [
          {
            "name": "SSH",
            "properties": {
              "priority": 300,
              "protocol": "TCP",
              "access": "Allow",
              "direction": "Inbound",
              "sourceAddressPrefix": "*",
              "sourcePortRange": "*",
              "destinationAddressPrefix": "*",
              "destinationPortRange": "22"
            }
          },
          {
            "name": "HTTP",
            "properties": {
              "priority": 320,
              "protocol": "TCP",
              "access": "Allow",
              "direction": "Inbound",
              "sourceAddressPrefix": "*",
              "sourcePortRange": "*",
              "destinationAddressPrefix": "*",
              "destinationPortRange": "80"
            }
          }
        ]
      },
      "subnetName": {
        "type": "String",
        "value": "default"
      },
      "virtualNetworkName": {
        "type": "String",
        "value": "themezoz-virtual-network"
      },
      "addressPrefixes": {
        "type": "Array",
        "value": [
          "10.0.0.0/16",
          "0.0.0.0/8"
        ]
      },
      "subnets": {
        "type": "Array",
        "value": [
          {
            "name": "default",
            "properties": {
              "addressPrefix": "10.0.0.0/24"
            }
          }
        ]
      },
      "publicIpAddressName2": {
        "type": "String",
        "value": "themezoz-ip"
      },
      "publicIpAddressType": {
        "type": "String",
        "value": "Static"
      },
      "publicIpAddressSku": {
        "type": "String",
        "value": "Standard"
      },
      "pipDeleteOption": {
        "type": "String",
        "value": "Detach"
      },
      "virtualMachineName": {
        "type": "String",
        "value": "themezoz"
      },
      "virtualMachineName2": {
        "type": "String",
        "value": "themezoz"
      },
      "virtualMachineComputerName2": {
        "type": "String",
        "value": "themezoz"
      },
      "virtualMachineRG": {
        "type": "String",
        "value": "cloud-shell-storage-westeurope"
      },
      "osDiskType": {
        "type": "String",
        "value": "Premium_LRS"
      },
      "osDiskDeleteOption": {
        "type": "String",
        "value": "Delete"
      },
      "virtualMachineSize": {
        "type": "String",
        "value": "Standard_B1ms"
      },
      "nicDeleteOption": {
        "type": "String",
        "value": "Detach"
      },
      "hibernationEnabled": {
        "type": "Bool",
        "value": false
      },
      "adminUsername": {
        "type": "String",
        "value": "hamzoooz"
      },
      "adminPublicKey": {
        "type": "SecureString"
      },
      "securityType": {
        "type": "String",
        "value": "TrustedLaunch"
      },
      "secureBoot": {
        "type": "Bool",
        "value": true
      },
      "vTPM": {
        "type": "Bool",
        "value": true
      },
      "virtualMachine2Zone": {
        "type": "String",
        "value": "2"
      },
      "healthExtensionProtocol": {
        "type": "String",
        "value": "http"
      },
      "healthExtensionPort": {
        "type": "Int",
        "value": 80
      },
      "healthExtensionRequestPath": {
        "type": "String",
        "value": "/"
      },
      "appGatewayName": {
        "type": "String",
        "value": "themezoz"
      },
      "appGateWayRuleName": {
        "type": "String",
        "value": "themezoz"
      },
      "appGateWayRulePort": {
        "type": "Int",
        "value": 80
      },
      "appGateWayRuleProtocol": {
        "type": "String",
        "value": "Http"
      }
    },
    "mode": "Incremental",
    "debugSetting": {
      "detailLevel": "None"
    },
    "provisioningState": "Running",
    "timestamp": "2023-12-08T00:16:21.2910379Z",
    "duration": "PT33.4735013S",
    "correlationId": "8cd8c5ee-8daf-467b-9d7b-a0d1b6edb370",
    "providers": [
      {
        "namespace": "Microsoft.Network",
        "resourceTypes": [
          {
            "resourceType": "networkInterfaces",
            "locations": [
              "westeurope"
            ]
          },
          {
            "resourceType": "networkSecurityGroups",
            "locations": [
              "westeurope"
            ]
          },
          {
            "resourceType": "virtualNetworks",
            "locations": [
              "westeurope"
            ]
          },
          {
            "resourceType": "publicIpAddresses",
            "locations": [
              "westeurope"
            ]
          },
          {
            "resourceType": "applicationGateways",
            "locations": [
              "westeurope"
            ]
          }
        ]
      },
      {
        "namespace": "Microsoft.Compute",
        "resourceTypes": [
          {
            "resourceType": "virtualMachines",
            "locations": [
              "westeurope"
            ]
          },
          {
            "resourceType": "virtualMachines/extensions",
            "locations": [
              "westeurope"
            ]
          }
        ]
      },
      {
        "namespace": "Microsoft.Resources",
        "resourceTypes": [
          {
            "resourceType": "deployments",
            "locations": [
              null
            ]
          }
        ]
      }
    ],
    "dependencies": [
      {
        "dependsOn": [
          {
            "id": "/subscriptions/11586171-a73e-4a8e-8235-40cae2868d43/resourceGroups/cloud-shell-storage-westeurope/providers/Microsoft.Network/networkSecurityGroups/themezoz-nsg",
            "resourceType": "Microsoft.Network/networkSecurityGroups",
            "resourceName": "themezoz-nsg"
          },
          {
            "id": "/subscriptions/11586171-a73e-4a8e-8235-40cae2868d43/resourceGroups/cloud-shell-storage-westeurope/providers/Microsoft.Network/virtualNetworks/themezoz-virtual-network",
            "resourceType": "Microsoft.Network/virtualNetworks",
            "resourceName": "themezoz-virtual-network"
          },
          {
            "id": "/subscriptions/11586171-a73e-4a8e-8235-40cae2868d43/resourceGroups/cloud-shell-storage-westeurope/providers/Microsoft.Network/publicIpAddresses/themezoz-ip",
            "resourceType": "Microsoft.Network/publicIpAddresses",
            "resourceName": "themezoz-ip"
          },
          {
            "id": "/subscriptions/11586171-a73e-4a8e-8235-40cae2868d43/resourceGroups/cloud-shell-storage-westeurope/providers/Microsoft.Network/applicationGateways/themezoz",
            "resourceType": "Microsoft.Network/applicationGateways",
            "resourceName": "themezoz"
          }
        ],
        "id": "/subscriptions/11586171-a73e-4a8e-8235-40cae2868d43/resourceGroups/cloud-shell-storage-westeurope/providers/Microsoft.Network/networkInterfaces/themezoz232_z2",
        "resourceType": "Microsoft.Network/networkInterfaces",
        "resourceName": "themezoz232_z2"
      },
      {
        "dependsOn": [
          {
            "id": "/subscriptions/11586171-a73e-4a8e-8235-40cae2868d43/resourceGroups/cloud-shell-storage-westeurope/providers/Microsoft.Network/networkInterfaces/themezoz232_z2",
            "resourceType": "Microsoft.Network/networkInterfaces",
            "resourceName": "themezoz232_z2"
          }
        ],
        "id": "/subscriptions/11586171-a73e-4a8e-8235-40cae2868d43/resourceGroups/cloud-shell-storage-westeurope/providers/Microsoft.Compute/virtualMachines/themezoz",
        "resourceType": "Microsoft.Compute/virtualMachines",
        "resourceName": "themezoz"
      },
      {
        "dependsOn": [
          {
            "id": "/subscriptions/11586171-a73e-4a8e-8235-40cae2868d43/resourceGroups/cloud-shell-storage-westeurope/providers/Microsoft.Network/virtualNetworks/themezoz-virtual-network",
            "resourceType": "Microsoft.Network/virtualNetworks",
            "resourceName": "themezoz-virtual-network"
          }
        ],
        "id": "/subscriptions/11586171-a73e-4a8e-8235-40cae2868d43/resourceGroups/cloud-shell-storage-westeurope/providers/Microsoft.Resources/deployments/themezoz-virtual-network-1bg-appgwsubnet",
        "resourceType": "Microsoft.Resources/deployments",
        "resourceName": "themezoz-virtual-network-1bg-appgwsubnet"
      },
      {
        "dependsOn": [
          {
            "id": "/subscriptions/11586171-a73e-4a8e-8235-40cae2868d43/resourceGroups/cloud-shell-storage-westeurope/providers/Microsoft.Resources/deployments/themezoz-virtual-network-1bg-appgwsubnet",
            "resourceType": "Microsoft.Resources/deployments",
            "resourceName": "themezoz-virtual-network-1bg-appgwsubnet"
          },
          {
            "id": "/subscriptions/11586171-a73e-4a8e-8235-40cae2868d43/resourceGroups/cloud-shell-storage-westeurope/providers/Microsoft.Network/publicIpAddresses/themezoz-publicip",
            "resourceType": "Microsoft.Network/publicIpAddresses",
            "resourceName": "themezoz-publicip"
          }
        ],
        "id": "/subscriptions/11586171-a73e-4a8e-8235-40cae2868d43/resourceGroups/cloud-shell-storage-westeurope/providers/Microsoft.Network/applicationGateways/themezoz",
        "resourceType": "Microsoft.Network/applicationGateways",
        "resourceName": "themezoz"
      },
      {
        "dependsOn": [
          {
            "id": "/subscriptions/11586171-a73e-4a8e-8235-40cae2868d43/resourceGroups/cloud-shell-storage-westeurope/providers/Microsoft.Compute/virtualMachines/themezoz",
            "resourceType": "Microsoft.Compute/virtualMachines",
            "resourceName": "themezoz"
          }
        ],
        "id": "/subscriptions/11586171-a73e-4a8e-8235-40cae2868d43/resourceGroups/cloud-shell-storage-westeurope/providers/Microsoft.Compute/virtualMachines/themezoz/extensions/HealthExtension",
        "resourceType": "Microsoft.Compute/virtualMachines/extensions",
        "resourceName": "themezoz/HealthExtension"
      },
      {
        "dependsOn": [
          {
            "id": "/subscriptions/11586171-a73e-4a8e-8235-40cae2868d43/resourceGroups/cloud-shell-storage-westeurope/providers/Microsoft.Compute/virtualMachines/themezoz",
            "resourceType": "Microsoft.Compute/virtualMachines",
            "resourceName": "themezoz"
          },
          {
            "id": "/subscriptions/11586171-a73e-4a8e-8235-40cae2868d43/resourceGroups/cloud-shell-storage-westeurope/providers/Microsoft.Resources/deployments/themezoz-AlertsActionGroup",
            "resourceType": "Microsoft.Resources/deployments",
            "resourceName": "themezoz-AlertsActionGroup"
          }
        ],
        "id": "/subscriptions/11586171-a73e-4a8e-8235-40cae2868d43/resourceGroups/cloud-shell-storage-westeurope/providers/Microsoft.Resources/deployments/themezoz-VmAlertsRule-0",
        "resourceType": "Microsoft.Resources/deployments",
        "resourceName": "themezoz-VmAlertsRule-0"
      },
      {
        "dependsOn": [
          {
            "id": "/subscriptions/11586171-a73e-4a8e-8235-40cae2868d43/resourceGroups/cloud-shell-storage-westeurope/providers/Microsoft.Compute/virtualMachines/themezoz",
            "resourceType": "Microsoft.Compute/virtualMachines",
            "resourceName": "themezoz"
          },
          {
            "id": "/subscriptions/11586171-a73e-4a8e-8235-40cae2868d43/resourceGroups/cloud-shell-storage-westeurope/providers/Microsoft.Resources/deployments/themezoz-AlertsActionGroup",
            "resourceType": "Microsoft.Resources/deployments",
            "resourceName": "themezoz-AlertsActionGroup"
          }
        ],
        "id": "/subscriptions/11586171-a73e-4a8e-8235-40cae2868d43/resourceGroups/cloud-shell-storage-westeurope/providers/Microsoft.Resources/deployments/themezoz-VmAlertsRule-1",
        "resourceType": "Microsoft.Resources/deployments",
        "resourceName": "themezoz-VmAlertsRule-1"
      },
      {
        "dependsOn": [
          {
            "id": "/subscriptions/11586171-a73e-4a8e-8235-40cae2868d43/resourceGroups/cloud-shell-storage-westeurope/providers/Microsoft.Compute/virtualMachines/themezoz",
            "resourceType": "Microsoft.Compute/virtualMachines",
            "resourceName": "themezoz"
          },
          {
            "id": "/subscriptions/11586171-a73e-4a8e-8235-40cae2868d43/resourceGroups/cloud-shell-storage-westeurope/providers/Microsoft.Resources/deployments/themezoz-AlertsActionGroup",
            "resourceType": "Microsoft.Resources/deployments",
            "resourceName": "themezoz-AlertsActionGroup"
          }
        ],
        "id": "/subscriptions/11586171-a73e-4a8e-8235-40cae2868d43/resourceGroups/cloud-shell-storage-westeurope/providers/Microsoft.Resources/deployments/themezoz-VmAlertsRule-2",
        "resourceType": "Microsoft.Resources/deployments",
        "resourceName": "themezoz-VmAlertsRule-2"
      },
      {
        "dependsOn": [
          {
            "id": "/subscriptions/11586171-a73e-4a8e-8235-40cae2868d43/resourceGroups/cloud-shell-storage-westeurope/providers/Microsoft.Compute/virtualMachines/themezoz",
            "resourceType": "Microsoft.Compute/virtualMachines",
            "resourceName": "themezoz"
          },
          {
            "id": "/subscriptions/11586171-a73e-4a8e-8235-40cae2868d43/resourceGroups/cloud-shell-storage-westeurope/providers/Microsoft.Resources/deployments/themezoz-AlertsActionGroup",
            "resourceType": "Microsoft.Resources/deployments",
            "resourceName": "themezoz-AlertsActionGroup"
          }
        ],
        "id": "/subscriptions/11586171-a73e-4a8e-8235-40cae2868d43/resourceGroups/cloud-shell-storage-westeurope/providers/Microsoft.Resources/deployments/themezoz-VmAlertsRule-3",
        "resourceType": "Microsoft.Resources/deployments",
        "resourceName": "themezoz-VmAlertsRule-3"
      },
      {
        "dependsOn": [
          {
            "id": "/subscriptions/11586171-a73e-4a8e-8235-40cae2868d43/resourceGroups/cloud-shell-storage-westeurope/providers/Microsoft.Compute/virtualMachines/themezoz",
            "resourceType": "Microsoft.Compute/virtualMachines",
            "resourceName": "themezoz"
          },
          {
            "id": "/subscriptions/11586171-a73e-4a8e-8235-40cae2868d43/resourceGroups/cloud-shell-storage-westeurope/providers/Microsoft.Resources/deployments/themezoz-AlertsActionGroup",
            "resourceType": "Microsoft.Resources/deployments",
            "resourceName": "themezoz-AlertsActionGroup"
          }
        ],
        "id": "/subscriptions/11586171-a73e-4a8e-8235-40cae2868d43/resourceGroups/cloud-shell-storage-westeurope/providers/Microsoft.Resources/deployments/themezoz-VmAlertsRule-4",
        "resourceType": "Microsoft.Resources/deployments",
        "resourceName": "themezoz-VmAlertsRule-4"
      },
      {
        "dependsOn": [
          {
            "id": "/subscriptions/11586171-a73e-4a8e-8235-40cae2868d43/resourceGroups/cloud-shell-storage-westeurope/providers/Microsoft.Compute/virtualMachines/themezoz",
            "resourceType": "Microsoft.Compute/virtualMachines",
            "resourceName": "themezoz"
          },
          {
            "id": "/subscriptions/11586171-a73e-4a8e-8235-40cae2868d43/resourceGroups/cloud-shell-storage-westeurope/providers/Microsoft.Resources/deployments/themezoz-AlertsActionGroup",
            "resourceType": "Microsoft.Resources/deployments",
            "resourceName": "themezoz-AlertsActionGroup"
          }
        ],
        "id": "/subscriptions/11586171-a73e-4a8e-8235-40cae2868d43/resourceGroups/cloud-shell-storage-westeurope/providers/Microsoft.Resources/deployments/themezoz-VmAlertsRule-5",
        "resourceType": "Microsoft.Resources/deployments",
        "resourceName": "themezoz-VmAlertsRule-5"
      },
      {
        "dependsOn": [
          {
            "id": "/subscriptions/11586171-a73e-4a8e-8235-40cae2868d43/resourceGroups/cloud-shell-storage-westeurope/providers/Microsoft.Compute/virtualMachines/themezoz",
            "resourceType": "Microsoft.Compute/virtualMachines",
            "resourceName": "themezoz"
          },
          {
            "id": "/subscriptions/11586171-a73e-4a8e-8235-40cae2868d43/resourceGroups/cloud-shell-storage-westeurope/providers/Microsoft.Resources/deployments/themezoz-AlertsActionGroup",
            "resourceType": "Microsoft.Resources/deployments",
            "resourceName": "themezoz-AlertsActionGroup"
          }
        ],
        "id": "/subscriptions/11586171-a73e-4a8e-8235-40cae2868d43/resourceGroups/cloud-shell-storage-westeurope/providers/Microsoft.Resources/deployments/themezoz-VmAlertsRule-6",
        "resourceType": "Microsoft.Resources/deployments",
        "resourceName": "themezoz-VmAlertsRule-6"
      }
    ],
    "validationLevel": "Template"
  }
}